,,PltRpt=1 Group=1 Tim_CTB(1) De=1st Ex=Top Em=Top Wdw=N/A (14),,,,,,,,,,
Plate,Well,Signal,,,,,,,,,,
1,A01,135189,,,,,,,,,,
1,A02,100947,,,,,,,,,,
1,A03,97277,,,,,,,,,,
1,A04,97261,,,,,,,,,,
1,A05,101664,,,,,,,,,,
1,A06,89834,,,,,,,,,,
1,A07,107794,,,,,,,,,,
1,A08,112896,,,,,,,,,,
1,A09,103335,,,,,,,,,,
1,A10,76771,,,,,,,,,,
1,A11,103866,,,,,,,,,,
1,A12,26820,,,,,,,,,,
1,B01,139138,,,,,,,,,,
1,B02,96400,,,,,,,,,,
1,B03,40284,,,,,,,,,,
1,B04,77478,,,,,,,,,,
1,B05,89540,,,,,,,,,,
1,B06,81647,,,,,,,,,,
1,B07,86524,,,,,,,,,,
1,B08,96008,,,,,,,,,,
1,B09,94423,,,,,,,,,,
1,B10,44635,,,,,,,,,,
1,B11,42232,,,,,,,,,,
1,B12,28405,,,,,,,,,,
1,C01,152156,,,,,,,,,,
1,C02,116674,,,,,,,,,,
1,C03,110007,,,,,,,,,,
1,C04,58295,,,,,,,,,,
1,C05,64468,,,,,,,,,,
1,C06,83250,,,,,,,,,,
1,C07,95805,,,,,,,,,,
1,C08,107451,,,,,,,,,,
1,C09,105198,,,,,,,,,,
1,C10,84458,,,,,,,,,,
1,C11,97998,,,,,,,,,,
1,C12,27333,,,,,,,,,,
1,D01,138231,,,,,,,,,,
1,D02,105950,,,,,,,,,,
1,D03,93260,,,,,,,,,,
1,D04,44191,,,,,,,,,,
1,D05,83860,,,,,,,,,,
1,D06,81424,,,,,,,,,,
1,D07,96556,,,,,,,,,,
1,D08,95249,,,,,,,,,,
1,D09,88086,,,,,,,,,,
1,D10,78898,,,,,,,,,,
1,D11,91772,,,,,,,,,,
1,D12,29051,,,,,,,,,,
1,E01,28943,,,,,,,,,,
1,E02,102317,,,,,,,,,,
1,E03,93925,,,,,,,,,,
1,E04,85991,,,,,,,,,,
1,E05,81543,,,,,,,,,,
1,E06,82118,,,,,,,,,,
1,E07,94168,,,,,,,,,,
1,E08,97680,,,,,,,,,,
1,E09,85356,,,,,,,,,,
1,E10,41765,,,,,,,,,,
1,E11,75144,,,,,,,,,,
1,E12,103235,,,,,,,,,,
1,F01,30035,,,,,,,,,,
1,F02,94305,,,,,,,,,,
1,F03,86271,,,,,,,,,,
1,F04,78730,,,,,,,,,,
1,F05,83192,,,,,,,,,,
1,F06,94204,,,,,,,,,,
1,F07,88402,,,,,,,,,,
1,F08,93040,,,,,,,,,,
1,F09,104611,,,,,,,,,,
1,F10,100256,,,,,,,,,,
1,F11,94894,,,,,,,,,,
1,F12,108206,,,,,,,,,,
1,G01,29305,,,,,,,,,,
1,G02,87538,,,,,,,,,,
1,G03,92694,,,,,,,,,,
1,G04,85060,,,,,,,,,,
1,G05,87830,,,,,,,,,,
1,G06,50175,,,,,,,,,,
1,G07,94555,,,,,,,,,,
1,G08,106898,,,,,,,,,,
1,G09,86375,,,,,,,,,,
1,G10,99446,,,,,,,,,,
1,G11,92041,,,,,,,,,,
1,G12,102747,,,,,,,,,,
1,H01,28402,,,,,,,,,,
1,H02,99630,,,,,,,,,,
1,H03,92002,,,,,,,,,,
1,H04,78761,,,,,,,,,,
1,H05,76810,,,,,,,,,,
1,H06,67382,,,,,,,,,,
1,H07,93518,,,,,,,,,,
1,H08,100132,,,,,,,,,,
1,H09,106464,,,,,,,,,,
1,H10,58865,,,,,,,,,,
1,H11,98809,,,,,,,,,,
1,H12,108257,,,,,,,,,,
,,,,,,,,,,,,
,,PltRpt=1 Group=1 Tim_CTB(1) De=1st Ex=Top Em=Top Wdw=N/A (14),,,,,,,,,,
Plate,Well,Signal,,,,,,,,,,
2,A01,98443,,,,,,,,,,
2,A02,104242,,,,,,,,,,
2,A03,101316,,,,,,,,,,
2,A04,105342,,,,,,,,,,
2,A05,117615,,,,,,,,,,
2,A06,122698,,,,,,,,,,
2,A07,115471,,,,,,,,,,
2,A08,124449,,,,,,,,,,
2,A09,121773,,,,,,,,,,
2,A10,73507,,,,,,,,,,
2,A11,107537,,,,,,,,,,
2,A12,27935,,,,,,,,,,
2,B01,114116,,,,,,,,,,
2,B02,108660,,,,,,,,,,
2,B03,47560,,,,,,,,,,
2,B04,96254,,,,,,,,,,
2,B05,102116,,,,,,,,,,
2,B06,92974,,,,,,,,,,
2,B07,111484,,,,,,,,,,
2,B08,107550,,,,,,,,,,
2,B09,103921,,,,,,,,,,
2,B10,46265,,,,,,,,,,
2,B11,43454,,,,,,,,,,
2,B12,28764,,,,,,,,,,
2,C01,122109,,,,,,,,,,
2,C02,117090,,,,,,,,,,
2,C03,109524,,,,,,,,,,
2,C04,62961,,,,,,,,,,
2,C05,74673,,,,,,,,,,
2,C06,104033,,,,,,,,,,
2,C07,112843,,,,,,,,,,
2,C08,108774,,,,,,,,,,
2,C09,112993,,,,,,,,,,
2,C10,66774,,,,,,,,,,
2,C11,92194,,,,,,,,,,
2,C12,28626,,,,,,,,,,
2,D01,104668,,,,,,,,,,
2,D02,97483,,,,,,,,,,
2,D03,100313,,,,,,,,,,
2,D04,53573,,,,,,,,,,
2,D05,96559,,,,,,,,,,
2,D06,102417,,,,,,,,,,
2,D07,105935,,,,,,,,,,
2,D08,103605,,,,,,,,,,
2,D09,94451,,,,,,,,,,
2,D10,75869,,,,,,,,,,
2,D11,100629,,,,,,,,,,
2,D12,28835,,,,,,,,,,
2,E01,29171,,,,,,,,,,
2,E02,98028,,,,,,,,,,
2,E03,88957,,,,,,,,,,
2,E04,93884,,,,,,,,,,
2,E05,75298,,,,,,,,,,
2,E06,103398,,,,,,,,,,
2,E07,111797,,,,,,,,,,
2,E08,113067,,,,,,,,,,
2,E09,91329,,,,,,,,,,
2,E10,45440,,,,,,,,,,
2,E11,78410,,,,,,,,,,
2,E12,106236,,,,,,,,,,
2,F01,29555,,,,,,,,,,
2,F02,97246,,,,,,,,,,
2,F03,89221,,,,,,,,,,
2,F04,91801,,,,,,,,,,
2,F05,100272,,,,,,,,,,
2,F06,109820,,,,,,,,,,
2,F07,194772,,,,,,,,,,
2,F08,110928,,,,,,,,,,
2,F09,118317,,,,,,,,,,
2,F10,111996,,,,,,,,,,
2,F11,94518,,,,,,,,,,
2,F12,112731,,,,,,,,,,
2,G01,28560,,,,,,,,,,
2,G02,89652,,,,,,,,,,
2,G03,92292,,,,,,,,,,
2,G04,96601,,,,,,,,,,
2,G05,100720,,,,,,,,,,
2,G06,63103,,,,,,,,,,
2,G07,109620,,,,,,,,,,
2,G08,111706,,,,,,,,,,
2,G09,89724,,,,,,,,,,
2,G10,105620,,,,,,,,,,
2,G11,107249,,,,,,,,,,
2,G12,110521,,,,,,,,,,
2,H01,28047,,,,,,,,,,
2,H02,93189,,,,,,,,,,
2,H03,101769,,,,,,,,,,
2,H04,82810,,,,,,,,,,
2,H05,88835,,,,,,,,,,
2,H06,81836,,,,,,,,,,
2,H07,97002,,,,,,,,,,
2,H08,104748,,,,,,,,,,
2,H09,119002,,,,,,,,,,
2,H10,54521,,,,,,,,,,
2,H11,98009,,,,,,,,,,
2,H12,106620,,,,,,,,,,
,,,,,,,,,,,,
,,PltRpt=1 Group=1 Tim_CTB(1) De=1st Ex=Top Em=Top Wdw=N/A (14),,,,,,,,,,
Plate,Well,Signal,,,,,,,,,,
3,A01,112471,,,,,,,,,,
3,A02,107692,,,,,,,,,,
3,A03,95239,,,,,,,,,,
3,A04,103864,,,,,,,,,,
3,A05,118188,,,,,,,,,,
3,A06,120123,,,,,,,,,,
3,A07,132505,,,,,,,,,,
3,A08,128009,,,,,,,,,,
3,A09,135329,,,,,,,,,,
3,A10,84091,,,,,,,,,,
3,A11,117332,,,,,,,,,,
3,A12,27826,,,,,,,,,,
3,B01,120569,,,,,,,,,,
3,B02,110436,,,,,,,,,,
3,B03,51067,,,,,,,,,,
3,B04,106860,,,,,,,,,,
3,B05,105976,,,,,,,,,,
3,B06,102831,,,,,,,,,,
3,B07,118275,,,,,,,,,,
3,B08,124335,,,,,,,,,,
3,B09,109701,,,,,,,,,,
3,B10,48051,,,,,,,,,,
3,B11,45392,,,,,,,,,,
3,B12,29578,,,,,,,,,,
3,C01,117505,,,,,,,,,,
3,C02,120909,,,,,,,,,,
3,C03,115388,,,,,,,,,,
3,C04,65640,,,,,,,,,,
3,C05,73623,,,,,,,,,,
3,C06,99338,,,,,,,,,,
3,C07,116303,,,,,,,,,,
3,C08,113940,,,,,,,,,,
3,C09,117430,,,,,,,,,,
3,C10,83345,,,,,,,,,,
3,C11,112608,,,,,,,,,,
3,C12,28338,,,,,,,,,,
3,D01,108343,,,,,,,,,,
3,D02,104110,,,,,,,,,,
3,D03,104154,,,,,,,,,,
3,D04,58291,,,,,,,,,,
3,D05,97907,,,,,,,,,,
3,D06,100168,,,,,,,,,,
3,D07,109522,,,,,,,,,,
3,D08,110026,,,,,,,,,,
3,D09,100071,,,,,,,,,,
3,D10,87413,,,,,,,,,,
3,D11,109486,,,,,,,,,,
3,D12,29525,,,,,,,,,,
3,E01,29437,,,,,,,,,,
3,E02,100004,,,,,,,,,,
3,E03,93888,,,,,,,,,,
3,E04,98712,,,,,,,,,,
3,E05,79695,,,,,,,,,,
3,E06,104857,,,,,,,,,,
3,E07,107789,,,,,,,,,,
3,E08,116036,,,,,,,,,,
3,E09,88588,,,,,,,,,,
3,E10,47208,,,,,,,,,,
3,E11,96369,,,,,,,,,,
3,E12,111608,,,,,,,,,,
3,F01,29972,,,,,,,,,,
3,F02,100501,,,,,,,,,,
3,F03,89832,,,,,,,,,,
3,F04,90784,,,,,,,,,,
3,F05,91396,,,,,,,,,,
3,F06,96389,,,,,,,,,,
3,F07,95032,,,,,,,,,,
3,F08,101075,,,,,,,,,,
3,F09,110528,,,,,,,,,,
3,F10,109071,,,,,,,,,,
3,F11,105360,,,,,,,,,,
3,F12,113617,,,,,,,,,,
3,G01,29062,,,,,,,,,,
3,G02,101334,,,,,,,,,,
3,G03,91408,,,,,,,,,,
3,G04,97570,,,,,,,,,,
3,G05,95505,,,,,,,,,,
3,G06,58014,,,,,,,,,,
3,G07,108528,,,,,,,,,,
3,G08,115491,,,,,,,,,,
3,G09,90949,,,,,,,,,,
3,G10,98825,,,,,,,,,,
3,G11,107119,,,,,,,,,,
3,G12,102938,,,,,,,,,,
3,H01,28849,,,,,,,,,,
3,H02,104408,,,,,,,,,,
3,H03,95528,,,,,,,,,,
3,H04,84692,,,,,,,,,,
3,H05,84923,,,,,,,,,,
3,H06,80581,,,,,,,,,,
3,H07,98707,,,,,,,,,,
3,H08,104879,,,,,,,,,,
3,H09,109861,,,,,,,,,,
3,H10,56217,,,,,,,,,,
3,H11,99245,,,,,,,,,,
3,H12,106394,,,,,,,,,,
,,,,,,,,,,,,
,,PltRpt=1 Group=1 Tim_CTB(1) De=1st Ex=Top Em=Top Wdw=N/A (14),,,,,,,,,,
Plate,Well,Signal,,,,,,,,,,
4,A01,110851,,,,,,,,,,
4,A02,113155,,,,,,,,,,
4,A03,100388,,,,,,,,,,
4,A04,101666,,,,,,,,,,
4,A05,122272,,,,,,,,,,
4,A06,116829,,,,,,,,,,
4,A07,118472,,,,,,,,,,
4,A08,133334,,,,,,,,,,
4,A09,131652,,,,,,,,,,
4,A10,97284,,,,,,,,,,
4,A11,92453,,,,,,,,,,
4,A12,27924,,,,,,,,,,
4,B01,128690,,,,,,,,,,
4,B02,126572,,,,,,,,,,
4,B03,51978,,,,,,,,,,
4,B04,91578,,,,,,,,,,
4,B05,90845,,,,,,,,,,
4,B06,89562,,,,,,,,,,
4,B07,62584,,,,,,,,,,
4,B08,71199,,,,,,,,,,
4,B09,115261,,,,,,,,,,
4,B10,45905,,,,,,,,,,
4,B11,47054,,,,,,,,,,
4,B12,29960,,,,,,,,,,
4,C01,131796,,,,,,,,,,
4,C02,129254,,,,,,,,,,
4,C03,126132,,,,,,,,,,
4,C04,66669,,,,,,,,,,
4,C05,73589,,,,,,,,,,
4,C06,97626,,,,,,,,,,
4,C07,125730,,,,,,,,,,
4,C08,122008,,,,,,,,,,
4,C09,117990,,,,,,,,,,
4,C10,111294,,,,,,,,,,
4,C11,111465,,,,,,,,,,
4,C12,28438,,,,,,,,,,
4,D01,122045,,,,,,,,,,
4,D02,125027,,,,,,,,,,
4,D03,118009,,,,,,,,,,
4,D04,54429,,,,,,,,,,
4,D05,102986,,,,,,,,,,
4,D06,165785,,,,,,,,,,
4,D07,121694,,,,,,,,,,
4,D08,101555,,,,,,,,,,
4,D09,94009,,,,,,,,,,
4,D10,136520,,,,,,,,,,
4,D11,105994,,,,,,,,,,
4,D12,30244,,,,,,,,,,
4,E01,29554,,,,,,,,,,
4,E02,109824,,,,,,,,,,
4,E03,81201,,,,,,,,,,
4,E04,77554,,,,,,,,,,
4,E05,81708,,,,,,,,,,
4,E06,31057,,,,,,,,,,
4,E07,122731,,,,,,,,,,
4,E08,122226,,,,,,,,,,
4,E09,81498,,,,,,,,,,
4,E10,48717,,,,,,,,,,
4,E11,115941,,,,,,,,,,
4,E12,118466,,,,,,,,,,
4,F01,30225,,,,,,,,,,
4,F02,107684,,,,,,,,,,
4,F03,91767,,,,,,,,,,
4,F04,101079,,,,,,,,,,
4,F05,86576,,,,,,,,,,
4,F06,100595,,,,,,,,,,
4,F07,68593,,,,,,,,,,
4,F08,109647,,,,,,,,,,
4,F09,128106,,,,,,,,,,
4,F10,105296,,,,,,,,,,
4,F11,101468,,,,,,,,,,
4,F12,120688,,,,,,,,,,
4,G01,28583,,,,,,,,,,
4,G02,101798,,,,,,,,,,
4,G03,86586,,,,,,,,,,
4,G04,82926,,,,,,,,,,
4,G05,108630,,,,,,,,,,
4,G06,46280,,,,,,,,,,
4,G07,115931,,,,,,,,,,
4,G08,134639,,,,,,,,,,
4,G09,95780,,,,,,,,,,
4,G10,112958,,,,,,,,,,
4,G11,127669,,,,,,,,,,
4,G12,117605,,,,,,,,,,
4,H01,28392,,,,,,,,,,
4,H02,112819,,,,,,,,,,
4,H03,74580,,,,,,,,,,
4,H04,82196,,,,,,,,,,
4,H05,84140,,,,,,,,,,
4,H06,77894,,,,,,,,,,
4,H07,106108,,,,,,,,,,
4,H08,102473,,,,,,,,,,
4,H09,124792,,,,,,,,,,
4,H10,54450,,,,,,,,,,
4,H11,91467,,,,,,,,,,
4,H12,121132,,,,,,,,,,
,,,,,,,,,,,,
,,PltRpt=1 Group=1 Tim_CTB(1) De=1st Ex=Top Em=Top Wdw=N/A (14),,,,,,,,,,
Plate,Well,Signal,,,,,,,,,,
5,A01,116482,,,,,,,,,,
5,A02,109026,,,,,,,,,,
5,A03,103663,,,,,,,,,,
5,A04,119316,,,,,,,,,,
5,A05,108732,,,,,,,,,,
5,A06,126040,,,,,,,,,,
5,A07,128345,,,,,,,,,,
5,A08,136724,,,,,,,,,,
5,A09,122005,,,,,,,,,,
5,A10,100793,,,,,,,,,,
5,A11,95414,,,,,,,,,,
5,A12,27856,,,,,,,,,,
5,B01,135135,,,,,,,,,,
5,B02,137614,,,,,,,,,,
5,B03,52507,,,,,,,,,,
5,B04,101540,,,,,,,,,,
5,B05,89666,,,,,,,,,,
5,B06,99334,,,,,,,,,,
5,B07,66053,,,,,,,,,,
5,B08,75729,,,,,,,,,,
5,B09,125501,,,,,,,,,,
5,B10,45903,,,,,,,,,,
5,B11,47961,,,,,,,,,,
5,B12,29618,,,,,,,,,,
5,C01,131019,,,,,,,,,,
5,C02,140271,,,,,,,,,,
5,C03,138606,,,,,,,,,,
5,C04,67356,,,,,,,,,,
5,C05,81759,,,,,,,,,,
5,C06,106285,,,,,,,,,,
5,C07,136925,,,,,,,,,,
5,C08,134742,,,,,,,,,,
5,C09,120004,,,,,,,,,,
5,C10,121305,,,,,,,,,,
5,C11,116853,,,,,,,,,,
5,C12,28434,,,,,,,,,,
5,D01,122331,,,,,,,,,,
5,D02,122494,,,,,,,,,,
5,D03,118617,,,,,,,,,,
5,D04,55794,,,,,,,,,,
5,D05,108639,,,,,,,,,,
5,D06,106321,,,,,,,,,,
5,D07,129120,,,,,,,,,,
5,D08,102274,,,,,,,,,,
5,D09,98065,,,,,,,,,,
5,D10,147078,,,,,,,,,,
5,D11,114198,,,,,,,,,,
5,D12,29414,,,,,,,,,,
5,E01,29825,,,,,,,,,,
5,E02,117874,,,,,,,,,,
5,E03,84856,,,,,,,,,,
5,E04,88806,,,,,,,,,,
5,E05,88398,,,,,,,,,,
5,E06,29984,,,,,,,,,,
5,E07,123921,,,,,,,,,,
5,E08,118753,,,,,,,,,,
5,E09,85385,,,,,,,,,,
5,E10,50042,,,,,,,,,,
5,E11,125912,,,,,,,,,,
5,E12,115760,,,,,,,,,,
5,F01,30751,,,,,,,,,,
5,F02,106095,,,,,,,,,,
5,F03,95492,,,,,,,,,,
5,F04,92026,,,,,,,,,,
5,F05,98140,,,,,,,,,,
5,F06,107687,,,,,,,,,,
5,F07,69960,,,,,,,,,,
5,F08,112470,,,,,,,,,,
5,F09,124083,,,,,,,,,,
5,F10,98293,,,,,,,,,,
5,F11,102890,,,,,,,,,,
5,F12,113773,,,,,,,,,,
5,G01,29557,,,,,,,,,,
5,G02,108123,,,,,,,,,,
5,G03,90147,,,,,,,,,,
5,G04,80679,,,,,,,,,,
5,G05,104953,,,,,,,,,,
5,G06,48317,,,,,,,,,,
5,G07,123334,,,,,,,,,,
5,G08,135832,,,,,,,,,,
5,G09,96408,,,,,,,,,,
5,G10,110160,,,,,,,,,,
5,G11,118493,,,,,,,,,,
5,G12,116330,,,,,,,,,,
5,H01,29361,,,,,,,,,,
5,H02,123098,,,,,,,,,,
5,H03,80774,,,,,,,,,,
5,H04,80443,,,,,,,,,,
5,H05,87336,,,,,,,,,,
5,H06,79006,,,,,,,,,,
5,H07,113706,,,,,,,,,,
5,H08,111973,,,,,,,,,,
5,H09,128102,,,,,,,,,,
5,H10,56684,,,,,,,,,,
5,H11,93849,,,,,,,,,,
5,H12,122728,,,,,,,,,,
,,,,,,,,,,,,
,,PltRpt=1 Group=1 Tim_CTB(1) De=1st Ex=Top Em=Top Wdw=N/A (14),,,,,,,,,,
Plate,Well,Signal,,,,,,,,,,
6,A01,102665,,,,,,,,,,
6,A02,95627,,,,,,,,,,
6,A03,117475,,,,,,,,,,
6,A04,107472,,,,,,,,,,
6,A05,111138,,,,,,,,,,
6,A06,118924,,,,,,,,,,
6,A07,132169,,,,,,,,,,
6,A08,127733,,,,,,,,,,
6,A09,126481,,,,,,,,,,
6,A10,104200,,,,,,,,,,
6,A11,93010,,,,,,,,,,
6,A12,29234,,,,,,,,,,
6,B01,107394,,,,,,,,,,
6,B02,99710,,,,,,,,,,
6,B03,111386,,,,,,,,,,
6,B04,77582,,,,,,,,,,
6,B05,76024,,,,,,,,,,
6,B06,73514,,,,,,,,,,
6,B07,58542,,,,,,,,,,
6,B08,64020,,,,,,,,,,
6,B09,103766,,,,,,,,,,
6,B10,43158,,,,,,,,,,
6,B11,45732,,,,,,,,,,
6,B12,28578,,,,,,,,,,
6,C01,112808,,,,,,,,,,
6,C02,106527,,,,,,,,,,
6,C03,124302,,,,,,,,,,
6,C04,62257,,,,,,,,,,
6,C05,74987,,,,,,,,,,
6,C06,90900,,,,,,,,,,
6,C07,123598,,,,,,,,,,
6,C08,118923,,,,,,,,,,
6,C09,122966,,,,,,,,,,
6,C10,115277,,,,,,,,,,
6,C11,108116,,,,,,,,,,
6,C12,29010,,,,,,,,,,
6,D01,108832,,,,,,,,,,
6,D02,99956,,,,,,,,,,
6,D03,120351,,,,,,,,,,
6,D04,53790,,,,,,,,,,
6,D05,94354,,,,,,,,,,
6,D06,86954,,,,,,,,,,
6,D07,120112,,,,,,,,,,
6,D08,99318,,,,,,,,,,
6,D09,96822,,,,,,,,,,
6,D10,142621,,,,,,,,,,
6,D11,103876,,,,,,,,,,
6,D12,29917,,,,,,,,,,
6,E01,29228,,,,,,,,,,
6,E02,98262,,,,,,,,,,
6,E03,79682,,,,,,,,,,
6,E04,76986,,,,,,,,,,
6,E05,86909,,,,,,,,,,
6,E06,30700,,,,,,,,,,
6,E07,115086,,,,,,,,,,
6,E08,116933,,,,,,,,,,
6,E09,80026,,,,,,,,,,
6,E10,47111,,,,,,,,,,
6,E11,105821,,,,,,,,,,
6,E12,115592,,,,,,,,,,
6,F01,28695,,,,,,,,,,
6,F02,95535,,,,,,,,,,
6,F03,89515,,,,,,,,,,
6,F04,93765,,,,,,,,,,
6,F05,80556,,,,,,,,,,
6,F06,94390,,,,,,,,,,
6,F07,62203,,,,,,,,,,
6,F08,98049,,,,,,,,,,
6,F09,106778,,,,,,,,,,
6,F10,97788,,,,,,,,,,
6,F11,94650,,,,,,,,,,
6,F12,110950,,,,,,,,,,
6,G01,28238,,,,,,,,,,
6,G02,96718,,,,,,,,,,
6,G03,86067,,,,,,,,,,
6,G04,79432,,,,,,,,,,
6,G05,91043,,,,,,,,,,
6,G06,45434,,,,,,,,,,
6,G07,113072,,,,,,,,,,
6,G08,125327,,,,,,,,,,
6,G09,90308,,,,,,,,,,
6,G10,105614,,,,,,,,,,
6,G11,115947,,,,,,,,,,
6,G12,113959,,,,,,,,,,
6,H01,28826,,,,,,,,,,
6,H02,91798,,,,,,,,,,
6,H03,69536,,,,,,,,,,
6,H04,76527,,,,,,,,,,
6,H05,81097,,,,,,,,,,
6,H06,69865,,,,,,,,,,
6,H07,93757,,,,,,,,,,
6,H08,99958,,,,,,,,,,
6,H09,123721,,,,,,,,,,
6,H10,55205,,,,,,,,,,
6,H11,90031,,,,,,,,,,
6,H12,108611,,,,,,,,,,
,,,,,,,,,,,,
,,PltRpt=1 Group=1 Tim_CTB(1) De=1st Ex=Top Em=Top Wdw=N/A (14),,,,,,,,,,
Plate,Well,Signal,,,,,,,,,,
7,A01,103334,,,,,,,,,,
7,A02,104416,,,,,,,,,,
7,A03,88765,,,,,,,,,,
7,A04,102077,,,,,,,,,,
7,A05,103877,,,,,,,,,,
7,A06,106759,,,,,,,,,,
7,A07,96739,,,,,,,,,,
7,A08,101115,,,,,,,,,,
7,A09,91954,,,,,,,,,,
7,A10,83638,,,,,,,,,,
7,A11,74444,,,,,,,,,,
7,A12,28574,,,,,,,,,,
7,B01,89213,,,,,,,,,,
7,B02,111074,,,,,,,,,,
7,B03,49995,,,,,,,,,,
7,B04,80945,,,,,,,,,,
7,B05,79546,,,,,,,,,,
7,B06,74575,,,,,,,,,,
7,B07,55512,,,,,,,,,,
7,B08,57796,,,,,,,,,,
7,B09,100906,,,,,,,,,,
7,B10,45862,,,,,,,,,,
7,B11,44269,,,,,,,,,,
7,B12,28527,,,,,,,,,,
7,C01,89206,,,,,,,,,,
7,C02,117959,,,,,,,,,,
7,C03,121985,,,,,,,,,,
7,C04,63713,,,,,,,,,,
7,C05,72117,,,,,,,,,,
7,C06,93791,,,,,,,,,,
7,C07,106035,,,,,,,,,,
7,C08,103752,,,,,,,,,,
7,C09,98384,,,,,,,,,,
7,C10,95895,,,,,,,,,,
7,C11,86817,,,,,,,,,,
7,C12,28589,,,,,,,,,,
7,D01,88122,,,,,,,,,,
7,D02,111611,,,,,,,,,,
7,D03,104554,,,,,,,,,,
7,D04,53404,,,,,,,,,,
7,D05,98025,,,,,,,,,,
7,D06,92100,,,,,,,,,,
7,D07,99966,,,,,,,,,,
7,D08,81121,,,,,,,,,,
7,D09,84924,,,,,,,,,,
7,D10,113001,,,,,,,,,,
7,D11,89510,,,,,,,,,,
7,D12,31972,,,,,,,,,,
7,E01,30982,,,,,,,,,,
7,E02,111621,,,,,,,,,,
7,E03,74784,,,,,,,,,,
7,E04,78746,,,,,,,,,,
7,E05,79137,,,,,,,,,,
7,E06,33059,,,,,,,,,,
7,E07,81056,,,,,,,,,,
7,E08,91162,,,,,,,,,,
7,E09,68527,,,,,,,,,,
7,E10,44983,,,,,,,,,,
7,E11,97054,,,,,,,,,,
7,E12,106634,,,,,,,,,,
7,F01,30359,,,,,,,,,,
7,F02,83395,,,,,,,,,,
7,F03,86307,,,,,,,,,,
7,F04,91864,,,,,,,,,,
7,F05,89684,,,,,,,,,,
7,F06,98408,,,,,,,,,,
7,F07,61933,,,,,,,,,,
7,F08,97158,,,,,,,,,,
7,F09,92171,,,,,,,,,,
7,F10,85979,,,,,,,,,,
7,F11,95643,,,,,,,,,,
7,F12,104964,,,,,,,,,,
7,G01,30422,,,,,,,,,,
7,G02,92484,,,,,,,,,,
7,G03,83037,,,,,,,,,,
7,G04,77664,,,,,,,,,,
7,G05,97659,,,,,,,,,,
7,G06,43437,,,,,,,,,,
7,G07,104025,,,,,,,,,,
7,G08,105965,,,,,,,,,,
7,G09,85612,,,,,,,,,,
7,G10,96970,,,,,,,,,,
7,G11,90906,,,,,,,,,,
7,G12,110147,,,,,,,,,,
7,H01,29392,,,,,,,,,,
7,H02,102520,,,,,,,,,,
7,H03,78276,,,,,,,,,,
7,H04,69688,,,,,,,,,,
7,H05,91531,,,,,,,,,,
7,H06,67686,,,,,,,,,,
7,H07,87731,,,,,,,,,,
7,H08,92227,,,,,,,,,,
7,H09,115924,,,,,,,,,,
7,H10,52658,,,,,,,,,,
7,H11,79970,,,,,,,,,,
7,H12,108989,,,,,,,,,,
,,,,,,,,,,,,
,,PltRpt=1 Group=1 Tim_CTB(1) De=1st Ex=Top Em=Top Wdw=N/A (14),,,,,,,,,,
Plate,Well,Signal,,,,,,,,,,
8,A01,99275,,,,,,,,,,
8,A02,93051,,,,,,,,,,
8,A03,82960,,,,,,,,,,
8,A04,95951,,,,,,,,,,
8,A05,104606,,,,,,,,,,
8,A06,108142,,,,,,,,,,
8,A07,106192,,,,,,,,,,
8,A08,108448,,,,,,,,,,
8,A09,98763,,,,,,,,,,
8,A10,89329,,,,,,,,,,
8,A11,80501,,,,,,,,,,
8,A12,28180,,,,,,,,,,
8,B01,95390,,,,,,,,,,
8,B02,113920,,,,,,,,,,
8,B03,52813,,,,,,,,,,
8,B04,82939,,,,,,,,,,
8,B05,78806,,,,,,,,,,
8,B06,83359,,,,,,,,,,
8,B07,57417,,,,,,,,,,
8,B08,58722,,,,,,,,,,
8,B09,100011,,,,,,,,,,
8,B10,44890,,,,,,,,,,
8,B11,45168,,,,,,,,,,
8,B12,29065,,,,,,,,,,
8,C01,93059,,,,,,,,,,
8,C02,114467,,,,,,,,,,
8,C03,119618,,,,,,,,,,
8,C04,63561,,,,,,,,,,
8,C05,70787,,,,,,,,,,
8,C06,92413,,,,,,,,,,
8,C07,105843,,,,,,,,,,
8,C08,106275,,,,,,,,,,
8,C09,96943,,,,,,,,,,
8,C10,97512,,,,,,,,,,
8,C11,96731,,,,,,,,,,
8,C12,27989,,,,,,,,,,
8,D01,87810,,,,,,,,,,
8,D02,109554,,,,,,,,,,
8,D03,99149,,,,,,,,,,
8,D04,53351,,,,,,,,,,
8,D05,97537,,,,,,,,,,
8,D06,85138,,,,,,,,,,
8,D07,104170,,,,,,,,,,
8,D08,90831,,,,,,,,,,
8,D09,86941,,,,,,,,,,
8,D10,120400,,,,,,,,,,
8,D11,97800,,,,,,,,,,
8,D12,31319,,,,,,,,,,
8,E01,31615,,,,,,,,,,
8,E02,99468,,,,,,,,,,
8,E03,67043,,,,,,,,,,
8,E04,73140,,,,,,,,,,
8,E05,79525,,,,,,,,,,
8,E06,30445,,,,,,,,,,
8,E07,96607,,,,,,,,,,
8,E08,99290,,,,,,,,,,
8,E09,70611,,,,,,,,,,
8,E10,44848,,,,,,,,,,
8,E11,111408,,,,,,,,,,
8,E12,101103,,,,,,,,,,
8,F01,30746,,,,,,,,,,
8,F02,82302,,,,,,,,,,
8,F03,78396,,,,,,,,,,
8,F04,91432,,,,,,,,,,
8,F05,77677,,,,,,,,,,
8,F06,97817,,,,,,,,,,
8,F07,61936,,,,,,,,,,
8,F08,93520,,,,,,,,,,
8,F09,103655,,,,,,,,,,
8,F10,85827,,,,,,,,,,
8,F11,96865,,,,,,,,,,
8,F12,103919,,,,,,,,,,
8,G01,29069,,,,,,,,,,
8,G02,94475,,,,,,,,,,
8,G03,79183,,,,,,,,,,
8,G04,74035,,,,,,,,,,
8,G05,94940,,,,,,,,,,
8,G06,44137,,,,,,,,,,
8,G07,106938,,,,,,,,,,
8,G08,113937,,,,,,,,,,
8,G09,82855,,,,,,,,,,
8,G10,95228,,,,,,,,,,
8,G11,98266,,,,,,,,,,
8,G12,105910,,,,,,,,,,
8,H01,29655,,,,,,,,,,
8,H02,112824,,,,,,,,,,
8,H03,131648,,,,,,,,,,
8,H04,58540,,,,,,,,,,
8,H05,80821,,,,,,,,,,
8,H06,59366,,,,,,,,,,
8,H07,80066,,,,,,,,,,
8,H08,84318,,,,,,,,,,
8,H09,107113,,,,,,,,,,
8,H10,50618,,,,,,,,,,
8,H11,81407,,,,,,,,,,
8,H12,108579,,,,,,,,,,
,,,,,,,,,,,,
,,PltRpt=1 Group=1 Tim_CTB(1) De=1st Ex=Top Em=Top Wdw=N/A (14),,,,,,,,,,
Plate,Well,Signal,,,,,,,,,,
9,A01,111996,,,,,,,,,,
9,A02,103948,,,,,,,,,,
9,A03,96755,,,,,,,,,,
9,A04,114140,,,,,,,,,,
9,A05,115629,,,,,,,,,,
9,A06,128167,,,,,,,,,,
9,A07,108051,,,,,,,,,,
9,A08,120391,,,,,,,,,,
9,A09,111546,,,,,,,,,,
9,A10,97484,,,,,,,,,,
9,A11,87665,,,,,,,,,,
9,A12,28720,,,,,,,,,,
9,B01,91427,,,,,,,,,,
9,B02,117751,,,,,,,,,,
9,B03,56078,,,,,,,,,,
9,B04,94020,,,,,,,,,,
9,B05,85102,,,,,,,,,,
9,B06,87703,,,,,,,,,,
9,B07,55921,,,,,,,,,,
9,B08,56325,,,,,,,,,,
9,B09,107478,,,,,,,,,,
9,B10,47664,,,,,,,,,,
9,B11,48031,,,,,,,,,,
9,B12,29382,,,,,,,,,,
9,C01,87002,,,,,,,,,,
9,C02,114489,,,,,,,,,,
9,C03,130060,,,,,,,,,,
9,C04,69174,,,,,,,,,,
9,C05,76704,,,,,,,,,,
9,C06,101079,,,,,,,,,,
9,C07,119348,,,,,,,,,,
9,C08,119790,,,,,,,,,,
9,C09,106953,,,,,,,,,,
9,C10,107527,,,,,,,,,,
9,C11,106558,,,,,,,,,,
9,C12,28094,,,,,,,,,,
9,D01,89186,,,,,,,,,,
9,D02,109611,,,,,,,,,,
9,D03,124707,,,,,,,,,,
9,D04,57071,,,,,,,,,,
9,D05,116750,,,,,,,,,,
9,D06,100470,,,,,,,,,,
9,D07,120622,,,,,,,,,,
9,D08,96705,,,,,,,,,,
9,D09,95462,,,,,,,,,,
9,D10,137261,,,,,,,,,,
9,D11,101902,,,,,,,,,,
9,D12,31201,,,,,,,,,,
9,E01,30646,,,,,,,,,,
9,E02,112883,,,,,,,,,,
9,E03,79797,,,,,,,,,,
9,E04,88308,,,,,,,,,,
9,E05,93667,,,,,,,,,,
9,E06,29611,,,,,,,,,,
9,E07,98280,,,,,,,,,,
9,E08,109407,,,,,,,,,,
9,E09,76330,,,,,,,,,,
9,E10,46272,,,,,,,,,,
9,E11,119692,,,,,,,,,,
9,E12,114650,,,,,,,,,,
9,F01,30004,,,,,,,,,,
9,F02,85390,,,,,,,,,,
9,F03,95802,,,,,,,,,,
9,F04,108263,,,,,,,,,,
9,F05,96373,,,,,,,,,,
9,F06,109729,,,,,,,,,,
9,F07,65884,,,,,,,,,,
9,F08,104576,,,,,,,,,,
9,F09,110061,,,,,,,,,,
9,F10,96978,,,,,,,,,,
9,F11,105757,,,,,,,,,,
9,F12,115963,,,,,,,,,,
9,G01,29025,,,,,,,,,,
9,G02,110092,,,,,,,,,,
9,G03,76787,,,,,,,,,,
9,G04,73830,,,,,,,,,,
9,G05,103058,,,,,,,,,,
9,G06,45705,,,,,,,,,,
9,G07,104248,,,,,,,,,,
9,G08,118454,,,,,,,,,,
9,G09,86322,,,,,,,,,,
9,G10,103894,,,,,,,,,,
9,G11,107138,,,,,,,,,,
9,G12,114730,,,,,,,,,,
9,H01,29745,,,,,,,,,,
9,H02,106614,,,,,,,,,,
9,H03,77277,,,,,,,,,,
9,H04,69466,,,,,,,,,,
9,H05,96622,,,,,,,,,,
9,H06,64381,,,,,,,,,,
9,H07,83453,,,,,,,,,,
9,H08,87528,,,,,,,,,,
9,H09,107597,,,,,,,,,,
9,H10,50929,,,,,,,,,,
9,H11,85910,,,,,,,,,,
9,H12,109764,,,,,,,,,,
,,,,,,,,,,,,
,,PltRpt=1 Group=1 Tim_CTB(1) De=1st Ex=Top Em=Top Wdw=N/A (14),,,,,,,,,,
Plate,Well,Signal,,,,,,,,,,
10,A01,97305,,,,,,,,,,
10,A02,116348,,,,,,,,,,
10,A03,99486,,,,,,,,,,
10,A04,104433,,,,,,,,,,
10,A05,130062,,,,,,,,,,
10,A06,116556,,,,,,,,,,
10,A07,114666,,,,,,,,,,
10,A08,115713,,,,,,,,,,
10,A09,117580,,,,,,,,,,
10,A10,84823,,,,,,,,,,
10,A11,116578,,,,,,,,,,
10,A12,29166,,,,,,,,,,
10,B01,113027,,,,,,,,,,
10,B02,131607,,,,,,,,,,
10,B03,60073,,,,,,,,,,
10,B04,110676,,,,,,,,,,
10,B05,121933,,,,,,,,,,
10,B06,107813,,,,,,,,,,
10,B07,134498,,,,,,,,,,
10,B08,127650,,,,,,,,,,
10,B09,119626,,,,,,,,,,
10,B10,58437,,,,,,,,,,
10,B11,54053,,,,,,,,,,
10,B12,30700,,,,,,,,,,
10,C01,116332,,,,,,,,,,
10,C02,141362,,,,,,,,,,
10,C03,134068,,,,,,,,,,
10,C04,90143,,,,,,,,,,
10,C05,87740,,,,,,,,,,
10,C06,124902,,,,,,,,,,
10,C07,133757,,,,,,,,,,
10,C08,120480,,,,,,,,,,
10,C09,129563,,,,,,,,,,
10,C10,99872,,,,,,,,,,
10,C11,122816,,,,,,,,,,
10,C12,29196,,,,,,,,,,
10,D01,108453,,,,,,,,,,
10,D02,127810,,,,,,,,,,
10,D03,115223,,,,,,,,,,
10,D04,67877,,,,,,,,,,
10,D05,117520,,,,,,,,,,
10,D06,118434,,,,,,,,,,
10,D07,133756,,,,,,,,,,
10,D08,119314,,,,,,,,,,
10,D09,109467,,,,,,,,,,
10,D10,101972,,,,,,,,,,
10,D11,115922,,,,,,,,,,
10,D12,30319,,,,,,,,,,
10,E01,30982,,,,,,,,,,
10,E02,114979,,,,,,,,,,
10,E03,113869,,,,,,,,,,
10,E04,116067,,,,,,,,,,
10,E05,97192,,,,,,,,,,
10,E06,124180,,,,,,,,,,
10,E07,127321,,,,,,,,,,
10,E08,124146,,,,,,,,,,
10,E09,100110,,,,,,,,,,
10,E10,59132,,,,,,,,,,
10,E11,100066,,,,,,,,,,
10,E12,98988,,,,,,,,,,
10,F01,30436,,,,,,,,,,
10,F02,115342,,,,,,,,,,
10,F03,101902,,,,,,,,,,
10,F04,107177,,,,,,,,,,
10,F05,110895,,,,,,,,,,
10,F06,116860,,,,,,,,,,
10,F07,117492,,,,,,,,,,
10,F08,120419,,,,,,,,,,
10,F09,124663,,,,,,,,,,
10,F10,112134,,,,,,,,,,
10,F11,118679,,,,,,,,,,
10,F12,103756,,,,,,,,,,
10,G01,29602,,,,,,,,,,
10,G02,113529,,,,,,,,,,
10,G03,105678,,,,,,,,,,
10,G04,103820,,,,,,,,,,
10,G05,110470,,,,,,,,,,
10,G06,71423,,,,,,,,,,
10,G07,124238,,,,,,,,,,
10,G08,117633,,,,,,,,,,
10,G09,112484,,,,,,,,,,
10,G10,113355,,,,,,,,,,
10,G11,111045,,,,,,,,,,
10,G12,105091,,,,,,,,,,
10,H01,29771,,,,,,,,,,
10,H02,119436,,,,,,,,,,
10,H03,114773,,,,,,,,,,
10,H04,91634,,,,,,,,,,
10,H05,95094,,,,,,,,,,
10,H06,94852,,,,,,,,,,
10,H07,105047,,,,,,,,,,
10,H08,115921,,,,,,,,,,
10,H09,128749,,,,,,,,,,
10,H10,60598,,,,,,,,,,
10,H11,110769,,,,,,,,,,
10,H12,103797,,,,,,,,,,
,,,,,,,,,,,,
,,PltRpt=1 Group=1 Tim_CTB(1) De=1st Ex=Top Em=Top Wdw=N/A (14),,,,,,,,,,
Plate,Well,Signal,,,,,,,,,,
11,A01,101964,,,,,,,,,,
11,A02,119158,,,,,,,,,,
11,A03,101972,,,,,,,,,,
11,A04,109984,,,,,,,,,,
11,A05,112628,,,,,,,,,,
11,A06,112320,,,,,,,,,,
11,A07,108428,,,,,,,,,,
11,A08,121611,,,,,,,,,,
11,A09,122362,,,,,,,,,,
11,A10,86928,,,,,,,,,,
11,A11,110998,,,,,,,,,,
11,A12,28433,,,,,,,,,,
11,B01,102605,,,,,,,,,,
11,B02,113121,,,,,,,,,,
11,B03,59252,,,,,,,,,,
11,B04,104196,,,,,,,,,,
11,B05,114132,,,,,,,,,,
11,B06,112724,,,,,,,,,,
11,B07,128783,,,,,,,,,,
11,B08,123696,,,,,,,,,,
11,B09,112680,,,,,,,,,,
11,B10,62106,,,,,,,,,,
11,B11,51992,,,,,,,,,,
11,B12,30597,,,,,,,,,,
11,C01,104097,,,,,,,,,,
11,C02,117263,,,,,,,,,,
11,C03,130198,,,,,,,,,,
11,C04,86948,,,,,,,,,,
11,C05,92516,,,,,,,,,,
11,C06,121634,,,,,,,,,,
11,C07,136869,,,,,,,,,,
11,C08,130775,,,,,,,,,,
11,C09,128094,,,,,,,,,,
11,C10,102999,,,,,,,,,,
11,C11,116669,,,,,,,,,,
11,C12,29169,,,,,,,,,,
11,D01,107174,,,,,,,,,,
11,D02,117820,,,,,,,,,,
11,D03,115351,,,,,,,,,,
11,D04,72607,,,,,,,,,,
11,D05,120526,,,,,,,,,,
11,D06,118511,,,,,,,,,,
11,D07,123348,,,,,,,,,,
11,D08,120923,,,,,,,,,,
11,D09,113486,,,,,,,,,,
11,D10,111171,,,,,,,,,,
11,D11,122044,,,,,,,,,,
11,D12,30381,,,,,,,,,,
11,E01,30904,,,,,,,,,,
11,E02,117455,,,,,,,,,,
11,E03,120643,,,,,,,,,,
11,E04,115750,,,,,,,,,,
11,E05,107904,,,,,,,,,,
11,E06,127888,,,,,,,,,,
11,E07,124506,,,,,,,,,,
11,E08,123774,,,,,,,,,,
11,E09,103967,,,,,,,,,,
11,E10,55168,,,,,,,,,,
11,E11,108288,,,,,,,,,,
11,E12,105068,,,,,,,,,,
11,F01,30090,,,,,,,,,,
11,F02,122558,,,,,,,,,,
11,F03,104788,,,,,,,,,,
11,F04,113318,,,,,,,,,,
11,F05,119324,,,,,,,,,,
11,F06,107751,,,,,,,,,,
11,F07,111836,,,,,,,,,,
11,F08,120144,,,,,,,,,,
11,F09,119032,,,,,,,,,,
11,F10,119245,,,,,,,,,,
11,F11,116776,,,,,,,,,,
11,F12,101683,,,,,,,,,,
11,G01,29776,,,,,,,,,,
11,G02,113638,,,,,,,,,,
11,G03,115118,,,,,,,,,,
11,G04,112114,,,,,,,,,,
11,G05,103305,,,,,,,,,,
11,G06,68384,,,,,,,,,,
11,G07,119132,,,,,,,,,,
11,G08,118925,,,,,,,,,,
11,G09,107551,,,,,,,,,,
11,G10,106883,,,,,,,,,,
11,G11,112463,,,,,,,,,,
11,G12,102122,,,,,,,,,,
11,H01,29335,,,,,,,,,,
11,H02,116036,,,,,,,,,,
11,H03,113084,,,,,,,,,,
11,H04,103888,,,,,,,,,,
11,H05,106468,,,,,,,,,,
11,H06,99921,,,,,,,,,,
11,H07,108376,,,,,,,,,,
11,H08,109555,,,,,,,,,,
11,H09,124682,,,,,,,,,,
11,H10,57294,,,,,,,,,,
11,H11,107394,,,,,,,,,,
11,H12,106652,,,,,,,,,,
,,,,,,,,,,,,
,,PltRpt=1 Group=1 Tim_CTB(1) De=1st Ex=Top Em=Top Wdw=N/A (14),,,,,,,,,,
Plate,Well,Signal,,,,,,,,,,
12,A01,94900,,,,,,,,,,
12,A02,109408,,,,,,,,,,
12,A03,102179,,,,,,,,,,
12,A04,99456,,,,,,,,,,
12,A05,108066,,,,,,,,,,
12,A06,111349,,,,,,,,,,
12,A07,112407,,,,,,,,,,
12,A08,122804,,,,,,,,,,
12,A09,121497,,,,,,,,,,
12,A10,99684,,,,,,,,,,
12,A11,117809,,,,,,,,,,
12,A12,29492,,,,,,,,,,
12,B01,107038,,,,,,,,,,
12,B02,117481,,,,,,,,,,
12,B03,63286,,,,,,,,,,
12,B04,107729,,,,,,,,,,
12,B05,113910,,,,,,,,,,
12,B06,96650,,,,,,,,,,
12,B07,122151,,,,,,,,,,
12,B08,121783,,,,,,,,,,
12,B09,106026,,,,,,,,,,
12,B10,61068,,,,,,,,,,
12,B11,52341,,,,,,,,,,
12,B12,30733,,,,,,,,,,
12,C01,112091,,,,,,,,,,
12,C02,269813,,,,,,,,,,
12,C03,126961,,,,,,,,,,
12,C04,79749,,,,,,,,,,
12,C05,84348,,,,,,,,,,
12,C06,214144,,,,,,,,,,
12,C07,116916,,,,,,,,,,
12,C08,125967,,,,,,,,,,
12,C09,123648,,,,,,,,,,
12,C10,113089,,,,,,,,,,
12,C11,115960,,,,,,,,,,
12,C12,29340,,,,,,,,,,
12,D01,109737,,,,,,,,,,
12,D02,113734,,,,,,,,,,
12,D03,113188,,,,,,,,,,
12,D04,67563,,,,,,,,,,
12,D05,107734,,,,,,,,,,
12,D06,110298,,,,,,,,,,
12,D07,115584,,,,,,,,,,
12,D08,115954,,,,,,,,,,
12,D09,113115,,,,,,,,,,
12,D10,118724,,,,,,,,,,
12,D11,119115,,,,,,,,,,
12,D12,30293,,,,,,,,,,
12,E01,31510,,,,,,,,,,
12,E02,102444,,,,,,,,,,
12,E03,106618,,,,,,,,,,
12,E04,107198,,,,,,,,,,
12,E05,229990,,,,,,,,,,
12,E06,113193,,,,,,,,,,
12,E07,113776,,,,,,,,,,
12,E08,116251,,,,,,,,,,
12,E09,96250,,,,,,,,,,
12,E10,56277,,,,,,,,,,
12,E11,108109,,,,,,,,,,
12,E12,101698,,,,,,,,,,
12,F01,30848,,,,,,,,,,
12,F02,101579,,,,,,,,,,
12,F03,94514,,,,,,,,,,
12,F04,92586,,,,,,,,,,
12,F05,94233,,,,,,,,,,
12,F06,106895,,,,,,,,,,
12,F07,100249,,,,,,,,,,
12,F08,116247,,,,,,,,,,
12,F09,115314,,,,,,,,,,
12,F10,112411,,,,,,,,,,
12,F11,113164,,,,,,,,,,
12,F12,100606,,,,,,,,,,
12,G01,30558,,,,,,,,,,
12,G02,108476,,,,,,,,,,
12,G03,100294,,,,,,,,,,
12,G04,94528,,,,,,,,,,
12,G05,100787,,,,,,,,,,
12,G06,69174,,,,,,,,,,
12,G07,112453,,,,,,,,,,
12,G08,115188,,,,,,,,,,
12,G09,102255,,,,,,,,,,
12,G10,109965,,,,,,,,,,
12,G11,113156,,,,,,,,,,
12,G12,104726,,,,,,,,,,
12,H01,30367,,,,,,,,,,
12,H02,109424,,,,,,,,,,
12,H03,111649,,,,,,,,,,
12,H04,96920,,,,,,,,,,
12,H05,96162,,,,,,,,,,
12,H06,90643,,,,,,,,,,
12,H07,100550,,,,,,,,,,
12,H08,112492,,,,,,,,,,
12,H09,125416,,,,,,,,,,
12,H10,60312,,,,,,,,,,
12,H11,109778,,,,,,,,,,
12,H12,106613,,,,,,,,,,
,,,,,,,,,,,,
,,PltRpt=1 Group=1 Tim_CTB(1) De=1st Ex=Top Em=Top Wdw=N/A (14),,,,,,,,,,
Plate,Well,Signal,,,,,,,,,,
13,A01,110251,,,,,,,,,,
13,A02,128345,,,,,,,,,,
13,A03,108922,,,,,,,,,,
13,A04,122360,,,,,,,,,,
13,A05,113860,,,,,,,,,,
13,A06,128555,,,,,,,,,,
13,A07,120307,,,,,,,,,,
13,A08,136390,,,,,,,,,,
13,A09,132096,,,,,,,,,,
13,A10,111045,,,,,,,,,,
13,A11,96753,,,,,,,,,,
13,A12,28152,,,,,,,,,,
13,B01,110275,,,,,,,,,,
13,B02,129915,,,,,,,,,,
13,B03,65506,,,,,,,,,,
13,B04,100270,,,,,,,,,,
13,B05,100923,,,,,,,,,,
13,B06,93363,,,,,,,,,,
13,B07,81757,,,,,,,,,,
13,B08,74814,,,,,,,,,,
13,B09,127284,,,,,,,,,,
13,B10,49810,,,,,,,,,,
13,B11,50452,,,,,,,,,,
13,B12,30058,,,,,,,,,,
13,C01,113531,,,,,,,,,,
13,C02,142598,,,,,,,,,,
13,C03,143686,,,,,,,,,,
13,C04,88412,,,,,,,,,,
13,C05,89266,,,,,,,,,,
13,C06,114492,,,,,,,,,,
13,C07,141513,,,,,,,,,,
13,C08,142586,,,,,,,,,,
13,C09,136350,,,,,,,,,,
13,C10,133776,,,,,,,,,,
13,C11,121052,,,,,,,,,,
13,C12,29803,,,,,,,,,,
13,D01,113520,,,,,,,,,,
13,D02,139581,,,,,,,,,,
13,D03,136926,,,,,,,,,,
13,D04,67050,,,,,,,,,,
13,D05,120217,,,,,,,,,,
13,D06,116457,,,,,,,,,,
13,D07,140538,,,,,,,,,,
13,D08,115021,,,,,,,,,,
13,D09,126840,,,,,,,,,,
13,D10,163745,,,,,,,,,,
13,D11,116173,,,,,,,,,,
13,D12,30714,,,,,,,,,,
13,E01,31121,,,,,,,,,,
13,E02,140457,,,,,,,,,,
13,E03,95762,,,,,,,,,,
13,E04,110787,,,,,,,,,,
13,E05,111415,,,,,,,,,,
13,E06,29706,,,,,,,,,,
13,E07,129677,,,,,,,,,,
13,E08,129993,,,,,,,,,,
13,E09,92395,,,,,,,,,,
13,E10,57962,,,,,,,,,,
13,E11,132791,,,,,,,,,,
13,E12,111817,,,,,,,,,,
13,F01,31526,,,,,,,,,,
13,F02,138543,,,,,,,,,,
13,F03,114030,,,,,,,,,,
13,F04,116921,,,,,,,,,,
13,F05,106650,,,,,,,,,,
13,F06,136983,,,,,,,,,,
13,F07,90283,,,,,,,,,,
13,F08,123062,,,,,,,,,,
13,F09,127987,,,,,,,,,,
13,F10,119045,,,,,,,,,,
13,F11,124386,,,,,,,,,,
13,F12,114116,,,,,,,,,,
13,G01,29464,,,,,,,,,,
13,G02,125316,,,,,,,,,,
13,G03,99006,,,,,,,,,,
13,G04,101223,,,,,,,,,,
13,G05,123114,,,,,,,,,,
13,G06,55720,,,,,,,,,,
13,G07,131093,,,,,,,,,,
13,G08,136239,,,,,,,,,,
13,G09,114179,,,,,,,,,,
13,G10,121768,,,,,,,,,,
13,G11,124690,,,,,,,,,,
13,G12,114803,,,,,,,,,,
13,H01,29817,,,,,,,,,,
13,H02,124863,,,,,,,,,,
13,H03,99068,,,,,,,,,,
13,H04,94225,,,,,,,,,,
13,H05,95818,,,,,,,,,,
13,H06,92905,,,,,,,,,,
13,H07,115761,,,,,,,,,,
13,H08,122573,,,,,,,,,,
13,H09,146885,,,,,,,,,,
13,H10,59654,,,,,,,,,,
13,H11,115778,,,,,,,,,,
13,H12,110893,,,,,,,,,,
,,,,,,,,,,,,
,,PltRpt=1 Group=1 Tim_CTB(1) De=1st Ex=Top Em=Top Wdw=N/A (14),,,,,,,,,,
Plate,Well,Signal,,,,,,,,,,
14,A01,106555,,,,,,,,,,
14,A02,121548,,,,,,,,,,
14,A03,104227,,,,,,,,,,
14,A04,120785,,,,,,,,,,
14,A05,118666,,,,,,,,,,
14,A06,124143,,,,,,,,,,
14,A07,114028,,,,,,,,,,
14,A08,124546,,,,,,,,,,
14,A09,121195,,,,,,,,,,
14,A10,110447,,,,,,,,,,
14,A11,104821,,,,,,,,,,
14,A12,28461,,,,,,,,,,
14,B01,107615,,,,,,,,,,
14,B02,128260,,,,,,,,,,
14,B03,64021,,,,,,,,,,
14,B04,99298,,,,,,,,,,
14,B05,97227,,,,,,,,,,
14,B06,98029,,,,,,,,,,
14,B07,67745,,,,,,,,,,
14,B08,68610,,,,,,,,,,
14,B09,112242,,,,,,,,,,
14,B10,52162,,,,,,,,,,
14,B11,52900,,,,,,,,,,
14,B12,30270,,,,,,,,,,
14,C01,109555,,,,,,,,,,
14,C02,127285,,,,,,,,,,
14,C03,150525,,,,,,,,,,
14,C04,84612,,,,,,,,,,
14,C05,90622,,,,,,,,,,
14,C06,112536,,,,,,,,,,
14,C07,130757,,,,,,,,,,
14,C08,125587,,,,,,,,,,
14,C09,285316,,,,,,,,,,
14,C10,122103,,,,,,,,,,
14,C11,125850,,,,,,,,,,
14,C12,29536,,,,,,,,,,
14,D01,107803,,,,,,,,,,
14,D02,131224,,,,,,,,,,
14,D03,127962,,,,,,,,,,
14,D04,65335,,,,,,,,,,
14,D05,121394,,,,,,,,,,
14,D06,117586,,,,,,,,,,
14,D07,126638,,,,,,,,,,
14,D08,101356,,,,,,,,,,
14,D09,117753,,,,,,,,,,
14,D10,155284,,,,,,,,,,
14,D11,119950,,,,,,,,,,
14,D12,30308,,,,,,,,,,
14,E01,30529,,,,,,,,,,
14,E02,126597,,,,,,,,,,
14,E03,91672,,,,,,,,,,
14,E04,103315,,,,,,,,,,
14,E05,104391,,,,,,,,,,
14,E06,30220,,,,,,,,,,
14,E07,123162,,,,,,,,,,
14,E08,114186,,,,,,,,,,
14,E09,133737,,,,,,,,,,
14,E10,54587,,,,,,,,,,
14,E11,416673,,,,,,,,,,
14,E12,113209,,,,,,,,,,
14,F01,29442,,,,,,,,,,
14,F02,123054,,,,,,,,,,
14,F03,111650,,,,,,,,,,
14,F04,130384,,,,,,,,,,
14,F05,100291,,,,,,,,,,
14,F06,127752,,,,,,,,,,
14,F07,76500,,,,,,,,,,
14,F08,267465,,,,,,,,,,
14,F09,121547,,,,,,,,,,
14,F10,114841,,,,,,,,,,
14,F11,123843,,,,,,,,,,
14,F12,111614,,,,,,,,,,
14,G01,30013,,,,,,,,,,
14,G02,122216,,,,,,,,,,
14,G03,102212,,,,,,,,,,
14,G04,103332,,,,,,,,,,
14,G05,125193,,,,,,,,,,
14,G06,54289,,,,,,,,,,
14,G07,125355,,,,,,,,,,
14,G08,124451,,,,,,,,,,
14,G09,116100,,,,,,,,,,
14,G10,119348,,,,,,,,,,
14,G11,117135,,,,,,,,,,
14,G12,110543,,,,,,,,,,
14,H01,28851,,,,,,,,,,
14,H02,116553,,,,,,,,,,
14,H03,94597,,,,,,,,,,
14,H04,97389,,,,,,,,,,
14,H05,100430,,,,,,,,,,
14,H06,92200,,,,,,,,,,
14,H07,119585,,,,,,,,,,
14,H08,114393,,,,,,,,,,
14,H09,130064,,,,,,,,,,
14,H10,58611,,,,,,,,,,
14,H11,118541,,,,,,,,,,
14,H12,111380,,,,,,,,,,
,,,,,,,,,,,,
,,PltRpt=1 Group=1 Tim_CTB(1) De=1st Ex=Top Em=Top Wdw=N/A (14),,,,,,,,,,
Plate,Well,Signal,,,,,,,,,,
15,A01,96612,,,,,,,,,,
15,A02,107740,,,,,,,,,,
15,A03,105569,,,,,,,,,,
15,A04,120378,,,,,,,,,,
15,A05,109114,,,,,,,,,,
15,A06,111612,,,,,,,,,,
15,A07,104418,,,,,,,,,,
15,A08,114954,,,,,,,,,,
15,A09,111721,,,,,,,,,,
15,A10,97229,,,,,,,,,,
15,A11,93870,,,,,,,,,,
15,A12,28701,,,,,,,,,,
15,B01,101901,,,,,,,,,,
15,B02,108517,,,,,,,,,,
15,B03,55991,,,,,,,,,,
15,B04,82818,,,,,,,,,,
15,B05,94465,,,,,,,,,,
15,B06,87491,,,,,,,,,,
15,B07,68267,,,,,,,,,,
15,B08,67858,,,,,,,,,,
15,B09,103898,,,,,,,,,,
15,B10,47112,,,,,,,,,,
15,B11,48969,,,,,,,,,,
15,B12,29107,,,,,,,,,,
15,C01,104303,,,,,,,,,,
15,C02,113850,,,,,,,,,,
15,C03,119183,,,,,,,,,,
15,C04,79446,,,,,,,,,,
15,C05,79632,,,,,,,,,,
15,C06,105482,,,,,,,,,,
15,C07,117435,,,,,,,,,,
15,C08,113186,,,,,,,,,,
15,C09,107888,,,,,,,,,,
15,C10,107187,,,,,,,,,,
15,C11,101646,,,,,,,,,,
15,C12,29239,,,,,,,,,,
15,D01,99172,,,,,,,,,,
15,D02,110069,,,,,,,,,,
15,D03,119457,,,,,,,,,,
15,D04,61019,,,,,,,,,,
15,D05,114024,,,,,,,,,,
15,D06,110635,,,,,,,,,,
15,D07,121074,,,,,,,,,,
15,D08,97977,,,,,,,,,,
15,D09,107693,,,,,,,,,,
15,D10,132253,,,,,,,,,,
15,D11,101531,,,,,,,,,,
15,D12,30892,,,,,,,,,,
15,E01,30066,,,,,,,,,,
15,E02,114803,,,,,,,,,,
15,E03,91970,,,,,,,,,,
15,E04,98838,,,,,,,,,,
15,E05,104658,,,,,,,,,,
15,E06,30240,,,,,,,,,,
15,E07,114854,,,,,,,,,,
15,E08,112301,,,,,,,,,,
15,E09,88115,,,,,,,,,,
15,E10,55391,,,,,,,,,,
15,E11,120027,,,,,,,,,,
15,E12,103303,,,,,,,,,,
15,F01,31218,,,,,,,,,,
15,F02,113635,,,,,,,,,,
15,F03,108404,,,,,,,,,,
15,F04,108992,,,,,,,,,,
15,F05,107999,,,,,,,,,,
15,F06,122504,,,,,,,,,,
15,F07,70915,,,,,,,,,,
15,F08,107826,,,,,,,,,,
15,F09,118204,,,,,,,,,,
15,F10,102250,,,,,,,,,,
15,F11,115812,,,,,,,,,,
15,F12,99569,,,,,,,,,,
15,G01,28834,,,,,,,,,,
15,G02,108495,,,,,,,,,,
15,G03,98486,,,,,,,,,,
15,G04,93996,,,,,,,,,,
15,G05,117105,,,,,,,,,,
15,G06,53244,,,,,,,,,,
15,G07,114227,,,,,,,,,,
15,G08,115342,,,,,,,,,,
15,G09,110846,,,,,,,,,,
15,G10,118416,,,,,,,,,,
15,G11,114354,,,,,,,,,,
15,G12,109217,,,,,,,,,,
15,H01,30367,,,,,,,,,,
15,H02,114459,,,,,,,,,,
15,H03,88092,,,,,,,,,,
15,H04,94421,,,,,,,,,,
15,H05,98731,,,,,,,,,,
15,H06,91620,,,,,,,,,,
15,H07,104809,,,,,,,,,,
15,H08,111103,,,,,,,,,,
15,H09,127144,,,,,,,,,,
15,H10,61542,,,,,,,,,,
15,H11,111114,,,,,,,,,,
15,H12,104820,,,,,,,,,,
,,,,,,,,,,,,
,,PltRpt=1 Group=1 Tim_CTB(1) De=1st Ex=Top Em=Top Wdw=N/A (14),,,,,,,,,,
Plate,Well,Signal,,,,,,,,,,
16,A01,97445,,,,,,,,,,
16,A02,127622,,,,,,,,,,
16,A03,104435,,,,,,,,,,
16,A04,109315,,,,,,,,,,
16,A05,108628,,,,,,,,,,
16,A06,113623,,,,,,,,,,
16,A07,116062,,,,,,,,,,
16,A08,134796,,,,,,,,,,
16,A09,137620,,,,,,,,,,
16,A10,111181,,,,,,,,,,
16,A11,96204,,,,,,,,,,
16,A12,28587,,,,,,,,,,
16,B01,94190,,,,,,,,,,
16,B02,322786,,,,,,,,,,
16,B03,68551,,,,,,,,,,
16,B04,200335,,,,,,,,,,
16,B05,87341,,,,,,,,,,
16,B06,90096,,,,,,,,,,
16,B07,73413,,,,,,,,,,
16,B08,67415,,,,,,,,,,
16,B09,125523,,,,,,,,,,
16,B10,51115,,,,,,,,,,
16,B11,52233,,,,,,,,,,
16,B12,30411,,,,,,,,,,
16,C01,97962,,,,,,,,,,
16,C02,136010,,,,,,,,,,
16,C03,143231,,,,,,,,,,
16,C04,83593,,,,,,,,,,
16,C05,76644,,,,,,,,,,
16,C06,100054,,,,,,,,,,
16,C07,135650,,,,,,,,,,
16,C08,126913,,,,,,,,,,
16,C09,121927,,,,,,,,,,
16,C10,117282,,,,,,,,,,
16,C11,116358,,,,,,,,,,
16,C12,28616,,,,,,,,,,
16,D01,93400,,,,,,,,,,
16,D02,114289,,,,,,,,,,
16,D03,122393,,,,,,,,,,
16,D04,56503,,,,,,,,,,
16,D05,95359,,,,,,,,,,
16,D06,91528,,,,,,,,,,
16,D07,130356,,,,,,,,,,
16,D08,100867,,,,,,,,,,
16,D09,112357,,,,,,,,,,
16,D10,146497,,,,,,,,,,
16,D11,105644,,,,,,,,,,
16,D12,32628,,,,,,,,,,
16,E01,30998,,,,,,,,,,
16,E02,115755,,,,,,,,,,
16,E03,81917,,,,,,,,,,
16,E04,87398,,,,,,,,,,
16,E05,91461,,,,,,,,,,
16,E06,30430,,,,,,,,,,
16,E07,95393,,,,,,,,,,
16,E08,116945,,,,,,,,,,
16,E09,86146,,,,,,,,,,
16,E10,55226,,,,,,,,,,
16,E11,118349,,,,,,,,,,
16,E12,106008,,,,,,,,,,
16,F01,31119,,,,,,,,,,
16,F02,99813,,,,,,,,,,
16,F03,100376,,,,,,,,,,
16,F04,92440,,,,,,,,,,
16,F05,79839,,,,,,,,,,
16,F06,104359,,,,,,,,,,
16,F07,71233,,,,,,,,,,
16,F08,106510,,,,,,,,,,
16,F09,127355,,,,,,,,,,
16,F10,100903,,,,,,,,,,
16,F11,112744,,,,,,,,,,
16,F12,111641,,,,,,,,,,
16,G01,29424,,,,,,,,,,
16,G02,121519,,,,,,,,,,
16,G03,102932,,,,,,,,,,
16,G04,88287,,,,,,,,,,
16,G05,100407,,,,,,,,,,
16,G06,50341,,,,,,,,,,
16,G07,119097,,,,,,,,,,
16,G08,122964,,,,,,,,,,
16,G09,117306,,,,,,,,,,
16,G10,121143,,,,,,,,,,
16,G11,92687,,,,,,,,,,
16,G12,111302,,,,,,,,,,
16,H01,31012,,,,,,,,,,
16,H02,107568,,,,,,,,,,
16,H03,79549,,,,,,,,,,
16,H04,74984,,,,,,,,,,
16,H05,75761,,,,,,,,,,
16,H06,66082,,,,,,,,,,
16,H07,92382,,,,,,,,,,
16,H08,105314,,,,,,,,,,
16,H09,130508,,,,,,,,,,
16,H10,56944,,,,,,,,,,
16,H11,104677,,,,,,,,,,
16,H12,105760,,,,,,,,,,
,,,,,,,,,,,,
,,PltRpt=1 Group=1 Tim_CTB(1) De=1st Ex=Top Em=Top Wdw=N/A (14),,,,,,,,,,
Plate,Well,Signal,,,,,,,,,,
17,A01,107322,,,,,,,,,,
17,A02,114255,,,,,,,,,,
17,A03,103448,,,,,,,,,,
17,A04,122056,,,,,,,,,,
17,A05,115927,,,,,,,,,,
17,A06,124254,,,,,,,,,,
17,A07,114552,,,,,,,,,,
17,A08,127401,,,,,,,,,,
17,A09,129622,,,,,,,,,,
17,A10,110652,,,,,,,,,,
17,A11,92013,,,,,,,,,,
17,A12,28993,,,,,,,,,,
17,B01,96306,,,,,,,,,,
17,B02,125979,,,,,,,,,,
17,B03,65148,,,,,,,,,,
17,B04,98397,,,,,,,,,,
17,B05,92746,,,,,,,,,,
17,B06,99980,,,,,,,,,,
17,B07,71700,,,,,,,,,,
17,B08,67044,,,,,,,,,,
17,B09,119551,,,,,,,,,,
17,B10,52677,,,,,,,,,,
17,B11,54389,,,,,,,,,,
17,B12,30216,,,,,,,,,,
17,C01,93526,,,,,,,,,,
17,C02,146982,,,,,,,,,,
17,C03,155110,,,,,,,,,,
17,C04,90380,,,,,,,,,,
17,C05,87881,,,,,,,,,,
17,C06,117399,,,,,,,,,,
17,C07,143458,,,,,,,,,,
17,C08,135265,,,,,,,,,,
17,C09,119477,,,,,,,,,,
17,C10,120180,,,,,,,,,,
17,C11,123113,,,,,,,,,,
17,C12,28852,,,,,,,,,,
17,D01,91080,,,,,,,,,,
17,D02,134850,,,,,,,,,,
17,D03,330468,,,,,,,,,,
17,D04,59390,,,,,,,,,,
17,D05,112375,,,,,,,,,,
17,D06,110167,,,,,,,,,,
17,D07,133963,,,,,,,,,,
17,D08,110087,,,,,,,,,,
17,D09,116638,,,,,,,,,,
17,D10,152689,,,,,,,,,,
17,D11,110405,,,,,,,,,,
17,D12,32334,,,,,,,,,,
17,E01,30830,,,,,,,,,,
17,E02,127281,,,,,,,,,,
17,E03,82650,,,,,,,,,,
17,E04,93936,,,,,,,,,,
17,E05,95713,,,,,,,,,,
17,E06,30510,,,,,,,,,,
17,E07,107631,,,,,,,,,,
17,E08,120517,,,,,,,,,,
17,E09,90712,,,,,,,,,,
17,E10,56073,,,,,,,,,,
17,E11,119322,,,,,,,,,,
17,E12,106581,,,,,,,,,,
17,F01,31002,,,,,,,,,,
17,F02,116220,,,,,,,,,,
17,F03,106916,,,,,,,,,,
17,F04,104724,,,,,,,,,,
17,F05,91089,,,,,,,,,,
17,F06,124818,,,,,,,,,,
17,F07,78262,,,,,,,,,,
17,F08,112084,,,,,,,,,,
17,F09,124720,,,,,,,,,,
17,F10,101970,,,,,,,,,,
17,F11,116804,,,,,,,,,,
17,F12,109156,,,,,,,,,,
17,G01,29802,,,,,,,,,,
17,G02,126293,,,,,,,,,,
17,G03,95346,,,,,,,,,,
17,G04,89157,,,,,,,,,,
17,G05,112212,,,,,,,,,,
17,G06,50771,,,,,,,,,,
17,G07,129423,,,,,,,,,,
17,G08,124234,,,,,,,,,,
17,G09,116489,,,,,,,,,,
17,G10,120766,,,,,,,,,,
17,G11,90657,,,,,,,,,,
17,G12,109799,,,,,,,,,,
17,H01,30693,,,,,,,,,,
17,H02,118998,,,,,,,,,,
17,H03,79888,,,,,,,,,,
17,H04,72301,,,,,,,,,,
17,H05,84400,,,,,,,,,,
17,H06,65826,,,,,,,,,,
17,H07,99046,,,,,,,,,,
17,H08,99859,,,,,,,,,,
17,H09,125370,,,,,,,,,,
17,H10,56080,,,,,,,,,,
17,H11,102996,,,,,,,,,,
17,H12,109456,,,,,,,,,,
,,,,,,,,,,,,
,,PltRpt=1 Group=1 Tim_CTB(1) De=1st Ex=Top Em=Top Wdw=N/A (14),,,,,,,,,,
Plate,Well,Signal,,,,,,,,,,
18,A01,108862,,,,,,,,,,
18,A02,113838,,,,,,,,,,
18,A03,100842,,,,,,,,,,
18,A04,128699,,,,,,,,,,
18,A05,122261,,,,,,,,,,
18,A06,128315,,,,,,,,,,
18,A07,117736,,,,,,,,,,
18,A08,131294,,,,,,,,,,
18,A09,121660,,,,,,,,,,
18,A10,101030,,,,,,,,,,
18,A11,93727,,,,,,,,,,
18,A12,28229,,,,,,,,,,
18,B01,86926,,,,,,,,,,
18,B02,124971,,,,,,,,,,
18,B03,67314,,,,,,,,,,
18,B04,95676,,,,,,,,,,
18,B05,106129,,,,,,,,,,
18,B06,95969,,,,,,,,,,
18,B07,72844,,,,,,,,,,
18,B08,67754,,,,,,,,,,
18,B09,118882,,,,,,,,,,
18,B10,54317,,,,,,,,,,
18,B11,50273,,,,,,,,,,
18,B12,30388,,,,,,,,,,
18,C01,90090,,,,,,,,,,
18,C02,141241,,,,,,,,,,
18,C03,147408,,,,,,,,,,
18,C04,93265,,,,,,,,,,
18,C05,90611,,,,,,,,,,
18,C06,114027,,,,,,,,,,
18,C07,146127,,,,,,,,,,
18,C08,129644,,,,,,,,,,
18,C09,121977,,,,,,,,,,
18,C10,111513,,,,,,,,,,
18,C11,109378,,,,,,,,,,
18,C12,29781,,,,,,,,,,
18,D01,90259,,,,,,,,,,
18,D02,132010,,,,,,,,,,
18,D03,127732,,,,,,,,,,
18,D04,58481,,,,,,,,,,
18,D05,118565,,,,,,,,,,
18,D06,110555,,,,,,,,,,
18,D07,126295,,,,,,,,,,
18,D08,105486,,,,,,,,,,
18,D09,111908,,,,,,,,,,
18,D10,146031,,,,,,,,,,
18,D11,105100,,,,,,,,,,
18,D12,32473,,,,,,,,,,
18,E01,30396,,,,,,,,,,
18,E02,129795,,,,,,,,,,
18,E03,89411,,,,,,,,,,
18,E04,102515,,,,,,,,,,
18,E05,100786,,,,,,,,,,
18,E06,30471,,,,,,,,,,
18,E07,119709,,,,,,,,,,
18,E08,116330,,,,,,,,,,
18,E09,85936,,,,,,,,,,
18,E10,51234,,,,,,,,,,
18,E11,112197,,,,,,,,,,
18,E12,95732,,,,,,,,,,
18,F01,30101,,,,,,,,,,
18,F02,110426,,,,,,,,,,
18,F03,103110,,,,,,,,,,
18,F04,97955,,,,,,,,,,
18,F05,87844,,,,,,,,,,
18,F06,109734,,,,,,,,,,
18,F07,69242,,,,,,,,,,
18,F08,88451,,,,,,,,,,
18,F09,103525,,,,,,,,,,
18,F10,89017,,,,,,,,,,
18,F11,99778,,,,,,,,,,
18,F12,88988,,,,,,,,,,
18,G01,29655,,,,,,,,,,
18,G02,123714,,,,,,,,,,
18,G03,93555,,,,,,,,,,
18,G04,99072,,,,,,,,,,
18,G05,111470,,,,,,,,,,
18,G06,50905,,,,,,,,,,
18,G07,119484,,,,,,,,,,
18,G08,116453,,,,,,,,,,
18,G09,111411,,,,,,,,,,
18,G10,115237,,,,,,,,,,
18,G11,90576,,,,,,,,,,
18,G12,102953,,,,,,,,,,
18,H01,30902,,,,,,,,,,
18,H02,124720,,,,,,,,,,
18,H03,82913,,,,,,,,,,
18,H04,81342,,,,,,,,,,
18,H05,84663,,,,,,,,,,
18,H06,65676,,,,,,,,,,
18,H07,95706,,,,,,,,,,
18,H08,98129,,,,,,,,,,
18,H09,110127,,,,,,,,,,
18,H10,49463,,,,,,,,,,
18,H11,88955,,,,,,,,,,
18,H12,92637,,,,,,,,,,
,,,,,,,,,,,,
,,PltRpt=1 Group=1 Tim_CTB(1) De=1st Ex=Top Em=Top Wdw=N/A (14),,,,,,,,,,
Plate,Well,Signal,,,,,,,,,,
19,A01,109180,,,,,,,,,,
19,A02,115531,,,,,,,,,,
19,A03,88787,,,,,,,,,,
19,A04,112100,,,,,,,,,,
19,A05,103065,,,,,,,,,,
19,A06,113993,,,,,,,,,,
19,A07,109271,,,,,,,,,,
19,A08,103748,,,,,,,,,,
19,A09,111183,,,,,,,,,,
19,A10,109600,,,,,,,,,,
19,A11,102227,,,,,,,,,,
19,A12,110546,,,,,,,,,,
19,B01,101040,,,,,,,,,,
19,B02,91773,,,,,,,,,,
19,B03,121785,,,,,,,,,,
19,B04,91882,,,,,,,,,,
19,B05,118041,,,,,,,,,,
19,B06,101519,,,,,,,,,,
19,B07,105697,,,,,,,,,,
19,B08,122998,,,,,,,,,,
19,B09,104508,,,,,,,,,,
19,B10,112944,,,,,,,,,,
19,B11,107481,,,,,,,,,,
19,B12,129933,,,,,,,,,,
19,C01,103717,,,,,,,,,,
19,C02,109556,,,,,,,,,,
19,C03,116877,,,,,,,,,,
19,C04,114600,,,,,,,,,,
19,C05,125147,,,,,,,,,,
19,C06,103487,,,,,,,,,,
19,C07,128938,,,,,,,,,,
19,C08,120090,,,,,,,,,,
19,C09,114361,,,,,,,,,,
19,C10,117694,,,,,,,,,,
19,C11,104732,,,,,,,,,,
19,C12,108660,,,,,,,,,,
19,D01,103669,,,,,,,,,,
19,D02,97413,,,,,,,,,,
19,D03,122958,,,,,,,,,,
19,D04,89278,,,,,,,,,,
19,D05,113102,,,,,,,,,,
19,D06,83290,,,,,,,,,,
19,D07,93548,,,,,,,,,,
19,D08,114862,,,,,,,,,,
19,D09,107765,,,,,,,,,,
19,D10,102930,,,,,,,,,,
19,D11,98682,,,,,,,,,,
19,D12,108847,,,,,,,,,,
19,E01,109680,,,,,,,,,,
19,E02,89573,,,,,,,,,,
19,E03,115050,,,,,,,,,,
19,E04,85331,,,,,,,,,,
19,E05,115650,,,,,,,,,,
19,E06,90628,,,,,,,,,,
19,E07,109969,,,,,,,,,,
19,E08,110136,,,,,,,,,,
19,E09,113696,,,,,,,,,,
19,E10,93188,,,,,,,,,,
19,E11,101222,,,,,,,,,,
19,E12,111451,,,,,,,,,,
19,F01,100849,,,,,,,,,,
19,F02,85032,,,,,,,,,,
19,F03,129729,,,,,,,,,,
19,F04,91938,,,,,,,,,,
19,F05,111240,,,,,,,,,,
19,F06,93169,,,,,,,,,,
19,F07,92795,,,,,,,,,,
19,F08,100520,,,,,,,,,,
19,F09,94364,,,,,,,,,,
19,F10,94255,,,,,,,,,,
19,F11,100230,,,,,,,,,,
19,F12,101456,,,,,,,,,,
19,G01,102770,,,,,,,,,,
19,G02,92668,,,,,,,,,,
19,G03,119441,,,,,,,,,,
19,G04,98537,,,,,,,,,,
19,G05,99600,,,,,,,,,,
19,G06,88103,,,,,,,,,,
19,G07,103165,,,,,,,,,,
19,G08,114478,,,,,,,,,,
19,G09,107025,,,,,,,,,,
19,G10,100073,,,,,,,,,,
19,G11,105202,,,,,,,,,,
19,G12,103208,,,,,,,,,,
19,H01,104890,,,,,,,,,,
19,H02,91298,,,,,,,,,,
19,H03,104812,,,,,,,,,,
19,H04,97771,,,,,,,,,,
19,H05,89189,,,,,,,,,,
19,H06,91418,,,,,,,,,,
19,H07,88667,,,,,,,,,,
19,H08,105485,,,,,,,,,,
19,H09,103647,,,,,,,,,,
19,H10,103880,,,,,,,,,,
19,H11,95070,,,,,,,,,,
19,H12,98695,,,,,,,,,,
,,,,,,,,,,,,
Plate information ,,,,,,,,,,,,
Plate,Repeat,Barcode,Measured height,Inside temperature at start,Inside temperature at end,Humidity at start,Humidity at end,Ambient temperature at start,Ambient temperature at end,Measurement date,,
1,1,,14.78,23.15,23.15,26.6,26.4,22.95,22.86,12/12/22 12:30,,
2,1,,14.78,23.15,23.15,26.2,26.2,22.86,22.86,12/12/22 12:31,,
3,1,,14.78,23.25,23.25,26.2,26.2,22.76,22.86,12/12/22 12:32,,
4,1,,14.78,23.25,23.25,26.2,26.2,22.86,22.95,12/12/22 12:32,,
5,1,,14.78,23.25,23.25,26.2,26.4,23.05,22.86,12/12/22 12:33,,
6,1,,14.78,23.25,23.27,26.4,26.6,22.76,22.78,12/12/22 12:34,,
7,1,,14.78,23.25,23.25,26.4,26.6,22.95,22.95,12/12/22 12:34,,
8,1,,14.78,23.25,23.34,26.2,26.2,22.86,22.95,12/12/22 12:35,,
9,1,,14.78,23.34,23.34,26.1,26.1,23.15,23.15,12/12/22 12:36,,
10,1,,14.78,23.34,23.34,26.1,26.1,23.05,22.95,12/12/22 12:36,,
11,1,,14.78,23.34,23.34,25.9,25.9,23.05,23.15,12/12/22 12:37,,
12,1,,14.78,23.34,23.34,26.2,26.2,23.05,23.15,12/12/22 12:38,,
13,1,,14.78,23.34,23.36,26.1,26.2,23.15,23.27,12/12/22 12:39,,
14,1,,14.78,23.34,23.34,26.2,26.2,22.95,22.95,12/12/22 12:40,,
15,1,,14.78,23.34,23.34,26.2,26.2,22.86,22.95,12/12/22 12:43,,
16,1,,14.78,23.34,23.34,26.1,26.1,22.66,22.86,12/12/22 12:44,,
17,1,,14.78,23.34,23.36,25.9,26.1,22.86,22.97,12/12/22 12:45,,
18,1,,14.78,23.34,23.34,26.1,26.1,22.76,22.76,12/12/22 12:46,,
19,1,,14.78,23.34,23.34,26.1,26.2,22.76,22.76,12/12/22 12:46,,
,,,,,,,,,,,,
,,,,,,,,,,,,
Background information,,,,,,,,,,,,
Plate,Label,Result,Signal,Flashes/Time,Meastime,MeasInfo,,,,,,
1,Tim_CTB,0,1071,1,00:00.0,De=1st Ex=Top Em=Top Wdw=N/A (14),,,,,,
2,Tim_CTB,0,1079,1,00:00.0,De=1st Ex=Top Em=Top Wdw=N/A (14),,,,,,
3,Tim_CTB,0,1214,1,00:00.0,De=1st Ex=Top Em=Top Wdw=N/A (14),,,,,,
4,Tim_CTB,0,1075,1,00:00.0,De=1st Ex=Top Em=Top Wdw=N/A (14),,,,,,
5,Tim_CTB,0,1061,1,00:00.0,De=1st Ex=Top Em=Top Wdw=N/A (14),,,,,,
6,Tim_CTB,0,1030,1,00:00.0,De=1st Ex=Top Em=Top Wdw=N/A (14),,,,,,
7,Tim_CTB,0,1056,1,00:00.0,De=1st Ex=Top Em=Top Wdw=N/A (14),,,,,,
8,Tim_CTB,0,1120,1,00:00.0,De=1st Ex=Top Em=Top Wdw=N/A (14),,,,,,
9,Tim_CTB,0,1070,1,00:00.0,De=1st Ex=Top Em=Top Wdw=N/A (14),,,,,,
10,Tim_CTB,0,1136,1,00:00.0,De=1st Ex=Top Em=Top Wdw=N/A (14),,,,,,
11,Tim_CTB,0,1202,1,00:00.0,De=1st Ex=Top Em=Top Wdw=N/A (14),,,,,,
12,Tim_CTB,0,1127,1,00:00.0,De=1st Ex=Top Em=Top Wdw=N/A (14),,,,,,
13,Tim_CTB,0,1084,1,00:00.0,De=1st Ex=Top Em=Top Wdw=N/A (14),,,,,,
14,Tim_CTB,0,1110,1,00:00.0,De=1st Ex=Top Em=Top Wdw=N/A (14),,,,,,
15,Tim_CTB,0,1046,1,00:00.0,De=1st Ex=Top Em=Top Wdw=N/A (14),,,,,,
16,Tim_CTB,0,1006,1,00:00.0,De=1st Ex=Top Em=Top Wdw=N/A (14),,,,,,
17,Tim_CTB,0,1147,1,00:00.0,De=1st Ex=Top Em=Top Wdw=N/A (14),,,,,,
18,Tim_CTB,0,1144,1,00:00.0,De=1st Ex=Top Em=Top Wdw=N/A (14),,,,,,
19,Tim_CTB,0,1081,1,00:00.0,De=1st Ex=Top Em=Top Wdw=N/A (14),,,,,,
,,,,,,,,,,,,
,,,,,,,,,,,,
Basic assay information ,,,,,,,,,,,,
Assay ID: ,,,,24277,,,,,,,,
Assay Started: ,,,,12/12/22 12:30,,,,,,,,
Assay Finished: ,,,,12/12/22 12:48,,,,,,,,
Assay Exported: ,,,,12/12/22 12:51,,,,,,,,
Protocol ID: ,,,,100568,,,,,,,,
Protocol Name: ,,,,Copy of 96well-CTB_Tim,,,,,,,,
Serial#: ,,,,1020141,,,,,,,,
,,,,,,,,,,,,
,,,,,,,,,,,,
,,,,,,,,,,,,
Protocol information,,,,,,,,,,,,
Protocol:,,,,,,,,,,,,
Protocol name,,,,Copy of 96well-CTB_Tim,,,,,,,,
Number of assay repeats,,,,1,,,,,,,,
Start assay repeat each,,,,N/A,,,,,,,,
Number of plate repeats,,,,1,,,,,,,,
Start plate repeat each,,,,N/A,,,,,,,,
Is label meas. height used,,,,Yes,,,,,,,,
Height of measurement,,,,Defined in label,,,,,,,,
Is gripper height used,,,,No,,,,,,,,
Mode of measurement,,,,By Rows  bi-directional,,,,,,,,
Rotated plate,,,,No,,,,,,,,
Soft move,,,,No,,,,,,,,
Protocol notes,,,, ,,,,,,,,
,,,,,,,,,,,,
Plate type:,,,,,,,,,,,,
Name of the plate type,,,,96 General,,,,,,,,
Number of rows,,,,8,,,,,,,,
Number of columns,,,,12,,,,,,,,
Number of the wells in the plate,,,,96,,,,,,,,
Height of the plate,,,,14.35 mm,,,,,,,,
,,,,,,,,,,,,
Coordinates of corners:,,,,,,,,,,,,
96 General + Tim_CTB,,,,,,,,,,,,
14.38 mm x------------------------------------------------------ x 113.38 mm,,,,,,,,,,,,
11.24 mm                                                           11.24 mm,,,,,,,,,,,,
,,,,,,,,,,,,
14.38 mm x------------------------------------------------------ x 113.38 mm,,,,,,,,,,,,
74.24 mm                                                           74.24 mm,,,,,,,,,,,,
,,,,,,,,,,,,
Platemap:,,,,,,,,,,,,
Plate,,,,1,,,,,,,,
Group,,,,1,,,,,,,,
,,,,,,,,,,,,
,1,2,3,4,5,6,7,8,9,10,11,12
A,- ,- ,- ,- ,- ,- ,- ,- ,- ,- ,- ,- 
B,- ,- ,- ,- ,- ,- ,- ,- ,- ,- ,- ,- 
C,- ,- ,- ,- ,- ,- ,- ,- ,- ,- ,- ,- 
D,- ,- ,- ,- ,- ,- ,- ,- ,- ,- ,- ,- 
E,- ,- ,- ,- ,- ,- ,- ,- ,- ,- ,- ,- 
F,- ,- ,- ,- ,- ,- ,- ,- ,- ,- ,- ,- 
G,- ,- ,- ,- ,- ,- ,- ,- ,- ,- ,- ,- 
H,- ,- ,- ,- ,- ,- ,- ,- ,- ,- ,- ,- 
,,,,,,,,,,,,
 - - Undefined,,,,,,,,,,,,
,,,,,,,,,,,,
Calculations:,,,,,,,,,,,,
No calculations.,,,,,,,,,,,,
,,,,,,,,,,,,
Auto export parameters:,,,,,,,,,,,,
Export format,,,,Plate2,,,,,,,,
Include basic assay information,,,,Yes,,,,,,,,
Place assay information at,,,,End of file,,,,,,,,
Include basic plate information,,,,Yes,,,,,,,,
Place plate information at,,,,Beginning of plate,,,,,,,,
Include protocol information,,,,Yes,,,,,,,,
Protocol info level,,,,Large,,,,,,,,
Include error and warning information,,,,Yes,,,,,,,,
Include background information,,,,Yes,,,,,,,,
Add plate number to the file name,,,,Yes,,,,,,,,
Each plate to separate file,,,,No,,,,,,,,
Field separator to use,,,,System,,,,,,,,
File name format,,,,<DefaultDataFolder>\<Date>\<ProtocolName>_<AssayID>.csv,,,,,,,,
,,,,,,,,,,,,
Operations:,,,,,,,,,,,,
Plate 1,,,,,,,,,,,,
  Group 1,,,,,,,,,,,,
    Measurement,,,,,,,,,,,,
      Label,,,,Tim_CTB(1),,,,,,,,
,,,,,,,,,,,,
Labels:,,,,,,,,,,,,
Tim_CTB,,,,4000137,,,,,,,,
Top mirror,,,,General,,,,,,,,
Bottom mirror,,,,N/A,,,,,,,,
Exc. filter,,,,Photometric 530,,,,,,,,
Using of excitation filter,,,,Top,,,,,,,,
2nd exc. filter,,,,N/A,,,,,,,,
Using of 2nd excitation filter,,,,Top,,,,,,,,
Ems. filter,,,,Photometric 590,,,,,,,,
2nd ems. filter,,,,N/A,,,,,,,,
Measurement height,,,,6.5 mm,,,,,,,,
Number of flashes,,,,1,,,,,,,,
Number of flashes integrated,,,,1,,,,,,,,
PMT gain,,,,1,,,,,,,,
Excitation light,,,,100%,,,,,,,,
Reference excitation light,,,,100%,,,,,,,,
Emission light,,,,100%,,,,,,,,
Reference AD gain,,,,4,,,,,,,,
Reference signal,,,,383728,,,,,,,,
Last edited,,,,2/11/19 10:20,,,,,,,,
Last edited by,,,,EnVision,,,,,,,,
Factory preset,,,,No,,,,,,,,
,,,,,,,,,,,,
Filters:,,,,,,,,,,,,
Photometric 530,,,,310,,,,,,,,
Filter type,,,,Excitation,,,,,,,,
Description,,,,P530 CWL=530nm BW=8nm Tmin=55%,,,,,,,,
Used with,,,,Absorbance DELFIA - Time-resolved Fluorescence Fluorescence Intensity Fluorescence Polarization LANCE - Time-resolved Fluorescence,,,,,,,,
Last edited,,,,8/19/14 16:24,,,,,,,,
Last edited by,,,,Installation,,,,,,,,
Factory preset,,,,Yes,,,,,,,,
,,,,,,,,,,,,
Photometric 590,,,,314,,,,,,,,
Filter type,,,,Excitation,,,,,,,,
Description,,,,P590 CWL=590nm BW=8nm Tmin=40%,,,,,,,,
Used with,,,,Absorbance DELFIA - Time-resolved Fluorescence Fluorescence Intensity Fluorescence Polarization LANCE - Time-resolved FluorescenceAbsorbance DELFIA - Time-resolved Fluorescence Fluorescence Intensity Fluorescence Polarization LANCE - Time-resolved Fluorescence,,,,,,,,
Last edited,,,,8/19/14 16:24,,,,,,,,
Last edited by,,,,Installation,,,,,,,,
Factory preset,,,,Yes,,,,,,,,
,,,,,,,,,,,,
Mirror modules:,,,,,,,,,,,,
General,,,,401,,,,,,,,
Used by,,,,Top,,,,,,,,
Dual,,,,No,,,,,,,,
Bias,,,,No,,,,,,,,
Description,,,,BS50,,,,,,,,
Used with,,,,Luminescence DELFIA - Time-resolved Fluorescence Fluorescence Intensity Fluorescence Polarization LANCE - Time-resolved Fluorescence,,,,,,,,
Last edited,,,,8/19/14 16:24,,,,,,,,
Last edited by,,,,Installation,,,,,,,,
Factory preset,,,,Yes,,,,,,,,
,,,,,,,,,,,,
Instrument:,,,,,,,,,,,,
Serial number,,,,1020141,,,,,,,,
Nickname,,,,EnVision,,,,,,,,
,,,,,,,,,,,,
,,,,,,,,,,,,
,,,,,,,,,,,,
,,,,,,,,,,,,
Assay notifications:,,,,,,,,,,,,
INFO: Assay aborted at plate 20  plate repeat 1 and well H01. There may be missing results,,,,,,,,,,,,
,,,,,,,,,,,,
,,,,,,,,,,,,
,,,,,,,,,,,,
Exported with EnVision Workstation version 1.13.3009.1409,,,,,,,,,,,,