Plate,Well,Signal,,,,,,,,,,
1,A01,152656,,,,,,,,,,
1,A02,135992,,,,,,,,,,
1,A03,102352,,,,,,,,,,
1,A04,109829,,,,,,,,,,
1,A05,101694,,,,,,,,,,
1,A06,109361,,,,,,,,,,
1,A07,113522,,,,,,,,,,
1,A08,114638,,,,,,,,,,
1,A09,106651,,,,,,,,,,
1,A10,101213,,,,,,,,,,
1,A11,89953,,,,,,,,,,
1,A12,30031,,,,,,,,,,
1,B01,124657,,,,,,,,,,
1,B02,107318,,,,,,,,,,
1,B03,49333,,,,,,,,,,
1,B04,81625,,,,,,,,,,
1,B05,75069,,,,,,,,,,
1,B06,77150,,,,,,,,,,
1,B07,52039,,,,,,,,,,
1,B08,65791,,,,,,,,,,
1,B09,90081,,,,,,,,,,
1,B10,42581,,,,,,,,,,
1,B11,50638,,,,,,,,,,
1,B12,29443,,,,,,,,,,
1,C01,123416,,,,,,,,,,
1,C02,110110,,,,,,,,,,
1,C03,101160,,,,,,,,,,
1,C04,63314,,,,,,,,,,
1,C05,75203,,,,,,,,,,
1,C06,99913,,,,,,,,,,
1,C07,107614,,,,,,,,,,
1,C08,112427,,,,,,,,,,
1,C09,102251,,,,,,,,,,
1,C10,108993,,,,,,,,,,
1,C11,89130,,,,,,,,,,
1,C12,30563,,,,,,,,,,
1,D01,117664,,,,,,,,,,
1,D02,110005,,,,,,,,,,
1,D03,108877,,,,,,,,,,
1,D04,52973,,,,,,,,,,
1,D05,95619,,,,,,,,,,
1,D06,97971,,,,,,,,,,
1,D07,116130,,,,,,,,,,
1,D08,91008,,,,,,,,,,
1,D09,97080,,,,,,,,,,
1,D10,131505,,,,,,,,,,
1,D11,89307,,,,,,,,,,
1,D12,30529,,,,,,,,,,
1,E01,35212,,,,,,,,,,
1,E02,110745,,,,,,,,,,
1,E03,80874,,,,,,,,,,
1,E04,84901,,,,,,,,,,
1,E05,81911,,,,,,,,,,
1,E06,34108,,,,,,,,,,
1,E07,102314,,,,,,,,,,
1,E08,97475,,,,,,,,,,
1,E09,74417,,,,,,,,,,
1,E10,45342,,,,,,,,,,
1,E11,99707,,,,,,,,,,
1,E12,110180,,,,,,,,,,
1,F01,33427,,,,,,,,,,
1,F02,104812,,,,,,,,,,
1,F03,90626,,,,,,,,,,
1,F04,101592,,,,,,,,,,
1,F05,82339,,,,,,,,,,
1,F06,92094,,,,,,,,,,
1,F07,67974,,,,,,,,,,
1,F08,89460,,,,,,,,,,
1,F09,93713,,,,,,,,,,
1,F10,87966,,,,,,,,,,
1,F11,75892,,,,,,,,,,
1,F12,103170,,,,,,,,,,
1,G01,31554,,,,,,,,,,
1,G02,106890,,,,,,,,,,
1,G03,82834,,,,,,,,,,
1,G04,75781,,,,,,,,,,
1,G05,85543,,,,,,,,,,
1,G06,47490,,,,,,,,,,
1,G07,107407,,,,,,,,,,
1,G08,110453,,,,,,,,,,
1,G09,84360,,,,,,,,,,
1,G10,101892,,,,,,,,,,
1,G11,99133,,,,,,,,,,
1,G12,96439,,,,,,,,,,
1,H01,31606,,,,,,,,,,
1,H02,105988,,,,,,,,,,
1,H03,85259,,,,,,,,,,
1,H04,80653,,,,,,,,,,
1,H05,96693,,,,,,,,,,
1,H06,76813,,,,,,,,,,
1,H07,95244,,,,,,,,,,
1,H08,93375,,,,,,,,,,
1,H09,112736,,,,,,,,,,
1,H10,57949,,,,,,,,,,
1,H11,85979,,,,,,,,,,
1,H12,107224,,,,,,,,,,
2,A01,123664,,,,,,,,,,
2,A02,106471,,,,,,,,,,
2,A03,101851,,,,,,,,,,
2,A04,107967,,,,,,,,,,
2,A05,117085,,,,,,,,,,
2,A06,116387,,,,,,,,,,
2,A07,113706,,,,,,,,,,
2,A08,118979,,,,,,,,,,
2,A09,106669,,,,,,,,,,
2,A10,98255,,,,,,,,,,
2,A11,96507,,,,,,,,,,
2,A12,31073,,,,,,,,,,
2,B01,97558,,,,,,,,,,
2,B02,98121,,,,,,,,,,
2,B03,57916,,,,,,,,,,
2,B04,78570,,,,,,,,,,
2,B05,76665,,,,,,,,,,
2,B06,81329,,,,,,,,,,
2,B07,57023,,,,,,,,,,
2,B08,66719,,,,,,,,,,
2,B09,92821,,,,,,,,,,
2,B10,45686,,,,,,,,,,
2,B11,57953,,,,,,,,,,
2,B12,30048,,,,,,,,,,
2,C01,105157,,,,,,,,,,
2,C02,106326,,,,,,,,,,
2,C03,114126,,,,,,,,,,
2,C04,69547,,,,,,,,,,
2,C05,79577,,,,,,,,,,
2,C06,95304,,,,,,,,,,
2,C07,115626,,,,,,,,,,
2,C08,126389,,,,,,,,,,
2,C09,118951,,,,,,,,,,
2,C10,115392,,,,,,,,,,
2,C11,96424,,,,,,,,,,
2,C12,30529,,,,,,,,,,
2,D01,105903,,,,,,,,,,
2,D02,99479,,,,,,,,,,
2,D03,113385,,,,,,,,,,
2,D04,62312,,,,,,,,,,
2,D05,97874,,,,,,,,,,
2,D06,102874,,,,,,,,,,
2,D07,125946,,,,,,,,,,
2,D08,110007,,,,,,,,,,
2,D09,99971,,,,,,,,,,
2,D10,146393,,,,,,,,,,
2,D11,99958,,,,,,,,,,
2,D12,30343,,,,,,,,,,
2,E01,34626,,,,,,,,,,
2,E02,103767,,,,,,,,,,
2,E03,82564,,,,,,,,,,
2,E04,86119,,,,,,,,,,
2,E05,83917,,,,,,,,,,
2,E06,29476,,,,,,,,,,
2,E07,111161,,,,,,,,,,
2,E08,108292,,,,,,,,,,
2,E09,85689,,,,,,,,,,
2,E10,47538,,,,,,,,,,
2,E11,107557,,,,,,,,,,
2,E12,107383,,,,,,,,,,
2,F01,30725,,,,,,,,,,
2,F02,101856,,,,,,,,,,
2,F03,97836,,,,,,,,,,
2,F04,100400,,,,,,,,,,
2,F05,81571,,,,,,,,,,
2,F06,97243,,,,,,,,,,
2,F07,78384,,,,,,,,,,
2,F08,110573,,,,,,,,,,
2,F09,111185,,,,,,,,,,
2,F10,89512,,,,,,,,,,
2,F11,89360,,,,,,,,,,
2,F12,105680,,,,,,,,,,
2,G01,31717,,,,,,,,,,
2,G02,103964,,,,,,,,,,
2,G03,84502,,,,,,,,,,
2,G04,74411,,,,,,,,,,
2,G05,97188,,,,,,,,,,
2,G06,53302,,,,,,,,,,
2,G07,107107,,,,,,,,,,
2,G08,122951,,,,,,,,,,
2,G09,85161,,,,,,,,,,
2,G10,102267,,,,,,,,,,
2,G11,106882,,,,,,,,,,
2,G12,113080,,,,,,,,,,
2,H01,29305,,,,,,,,,,
2,H02,92344,,,,,,,,,,
2,H03,88254,,,,,,,,,,
2,H04,80415,,,,,,,,,,
2,H05,88249,,,,,,,,,,
2,H06,69570,,,,,,,,,,
2,H07,94470,,,,,,,,,,
2,H08,92155,,,,,,,,,,
2,H09,97379,,,,,,,,,,
2,H10,55662,,,,,,,,,,
2,H11,90757,,,,,,,,,,
2,H12,109497,,,,,,,,,,
3,A01,110048,,,,,,,,,,
3,A02,82869,,,,,,,,,,
3,A03,149038,,,,,,,,,,
3,A04,113434,,,,,,,,,,
3,A05,109520,,,,,,,,,,
3,A06,99612,,,,,,,,,,
3,A07,109810,,,,,,,,,,
3,A08,102919,,,,,,,,,,
3,A09,86194,,,,,,,,,,
3,A10,111675,,,,,,,,,,
3,A11,93532,,,,,,,,,,
3,A12,29699,,,,,,,,,,
3,B01,81610,,,,,,,,,,
3,B02,63026,,,,,,,,,,
3,B03,54569,,,,,,,,,,
3,B04,65752,,,,,,,,,,
3,B05,70214,,,,,,,,,,
3,B06,60346,,,,,,,,,,
3,B07,47011,,,,,,,,,,
3,B08,64180,,,,,,,,,,
3,B09,52318,,,,,,,,,,
3,B10,53070,,,,,,,,,,
3,B11,63918,,,,,,,,,,
3,B12,29403,,,,,,,,,,
3,C01,90918,,,,,,,,,,
3,C02,65267,,,,,,,,,,
3,C03,149872,,,,,,,,,,
3,C04,58934,,,,,,,,,,
3,C05,69666,,,,,,,,,,
3,C06,72993,,,,,,,,,,
3,C07,84021,,,,,,,,,,
3,C08,111248,,,,,,,,,,
3,C09,101919,,,,,,,,,,
3,C10,106421,,,,,,,,,,
3,C11,93063,,,,,,,,,,
3,C12,29447,,,,,,,,,,
3,D01,85073,,,,,,,,,,
3,D02,68903,,,,,,,,,,
3,D03,130532,,,,,,,,,,
3,D04,54617,,,,,,,,,,
3,D05,84858,,,,,,,,,,
3,D06,75532,,,,,,,,,,
3,D07,100793,,,,,,,,,,
3,D08,101160,,,,,,,,,,
3,D09,100212,,,,,,,,,,
3,D10,125541,,,,,,,,,,
3,D11,85831,,,,,,,,,,
3,D12,29630,,,,,,,,,,
3,E01,31948,,,,,,,,,,
3,E02,67148,,,,,,,,,,
3,E03,93964,,,,,,,,,,
3,E04,74668,,,,,,,,,,
3,E05,87828,,,,,,,,,,
3,E06,30583,,,,,,,,,,
3,E07,102853,,,,,,,,,,
3,E08,118390,,,,,,,,,,
3,E09,83732,,,,,,,,,,
3,E10,48321,,,,,,,,,,
3,E11,98502,,,,,,,,,,
3,E12,94578,,,,,,,,,,
3,F01,28857,,,,,,,,,,
3,F02,59086,,,,,,,,,,
3,F03,109937,,,,,,,,,,
3,F04,81747,,,,,,,,,,
3,F05,69210,,,,,,,,,,
3,F06,71941,,,,,,,,,,
3,F07,71804,,,,,,,,,,
3,F08,104248,,,,,,,,,,
3,F09,98334,,,,,,,,,,
3,F10,85957,,,,,,,,,,
3,F11,72309,,,,,,,,,,
3,F12,94547,,,,,,,,,,
3,G01,28791,,,,,,,,,,
3,G02,61505,,,,,,,,,,
3,G03,104824,,,,,,,,,,
3,G04,67404,,,,,,,,,,
3,G05,76475,,,,,,,,,,
3,G06,41596,,,,,,,,,,
3,G07,104423,,,,,,,,,,
3,G08,117532,,,,,,,,,,
3,G09,87340,,,,,,,,,,
3,G10,99238,,,,,,,,,,
3,G11,93912,,,,,,,,,,
3,G12,97997,,,,,,,,,,
3,H01,28302,,,,,,,,,,
3,H02,62592,,,,,,,,,,
3,H03,95413,,,,,,,,,,
3,H04,71810,,,,,,,,,,
3,H05,68845,,,,,,,,,,
3,H06,57213,,,,,,,,,,
3,H07,87809,,,,,,,,,,
3,H08,87472,,,,,,,,,,
3,H09,98986,,,,,,,,,,
3,H10,49046,,,,,,,,,,
3,H11,83286,,,,,,,,,,
3,H12,94706,,,,,,,,,,
4,A01,113699,,,,,,,,,,
4,A02,112636,,,,,,,,,,
4,A03,99008,,,,,,,,,,
4,A04,116954,,,,,,,,,,
4,A05,108940,,,,,,,,,,
4,A06,111963,,,,,,,,,,
4,A07,106600,,,,,,,,,,
4,A08,115509,,,,,,,,,,
4,A09,118601,,,,,,,,,,
4,A10,116655,,,,,,,,,,
4,A11,111017,,,,,,,,,,
4,A12,31861,,,,,,,,,,
4,B01,103621,,,,,,,,,,
4,B02,109799,,,,,,,,,,
4,B03,61329,,,,,,,,,,
4,B04,99573,,,,,,,,,,
4,B05,100856,,,,,,,,,,
4,B06,100644,,,,,,,,,,
4,B07,109333,,,,,,,,,,
4,B08,104299,,,,,,,,,,
4,B09,104775,,,,,,,,,,
4,B10,57751,,,,,,,,,,
4,B11,67373,,,,,,,,,,
4,B12,30489,,,,,,,,,,
4,C01,114602,,,,,,,,,,
4,C02,122685,,,,,,,,,,
4,C03,119764,,,,,,,,,,
4,C04,77280,,,,,,,,,,
4,C05,84547,,,,,,,,,,
4,C06,105348,,,,,,,,,,
4,C07,125214,,,,,,,,,,
4,C08,126207,,,,,,,,,,
4,C09,131007,,,,,,,,,,
4,C10,119983,,,,,,,,,,
4,C11,109028,,,,,,,,,,
4,C12,31442,,,,,,,,,,
4,D01,118482,,,,,,,,,,
4,D02,111224,,,,,,,,,,
4,D03,115390,,,,,,,,,,
4,D04,67971,,,,,,,,,,
4,D05,111567,,,,,,,,,,
4,D06,108789,,,,,,,,,,
4,D07,118229,,,,,,,,,,
4,D08,118469,,,,,,,,,,
4,D09,107142,,,,,,,,,,
4,D10,123503,,,,,,,,,,
4,D11,107887,,,,,,,,,,
4,D12,31411,,,,,,,,,,
4,E01,35011,,,,,,,,,,
4,E02,107693,,,,,,,,,,
4,E03,117382,,,,,,,,,,
4,E04,103243,,,,,,,,,,
4,E05,85748,,,,,,,,,,
4,E06,117701,,,,,,,,,,
4,E07,126517,,,,,,,,,,
4,E08,113298,,,,,,,,,,
4,E09,100928,,,,,,,,,,
4,E10,49302,,,,,,,,,,
4,E11,116567,,,,,,,,,,
4,E12,115026,,,,,,,,,,
4,F01,34421,,,,,,,,,,
4,F02,111695,,,,,,,,,,
4,F03,106768,,,,,,,,,,
4,F04,118058,,,,,,,,,,
4,F05,106945,,,,,,,,,,
4,F06,112040,,,,,,,,,,
4,F07,102790,,,,,,,,,,
4,F08,103236,,,,,,,,,,
4,F09,113277,,,,,,,,,,
4,F10,107024,,,,,,,,,,
4,F11,93328,,,,,,,,,,
4,F12,114535,,,,,,,,,,
4,G01,32422,,,,,,,,,,
4,G02,111272,,,,,,,,,,
4,G03,107831,,,,,,,,,,
4,G04,108657,,,,,,,,,,
4,G05,103148,,,,,,,,,,
4,G06,72542,,,,,,,,,,
4,G07,119908,,,,,,,,,,
4,G08,118821,,,,,,,,,,
4,G09,98937,,,,,,,,,,
4,G10,112353,,,,,,,,,,
4,G11,113022,,,,,,,,,,
4,G12,120482,,,,,,,,,,
4,H01,29977,,,,,,,,,,
4,H02,110543,,,,,,,,,,
4,H03,112500,,,,,,,,,,
4,H04,101963,,,,,,,,,,
4,H05,112337,,,,,,,,,,
4,H06,94948,,,,,,,,,,
4,H07,111435,,,,,,,,,,
4,H08,111495,,,,,,,,,,
4,H09,119502,,,,,,,,,,
4,H10,64836,,,,,,,,,,
4,H11,109283,,,,,,,,,,
4,H12,118663,,,,,,,,,,
5,A01,138091,,,,,,,,,,
5,A02,118478,,,,,,,,,,
5,A03,108639,,,,,,,,,,
5,A04,117761,,,,,,,,,,
5,A05,114400,,,,,,,,,,
5,A06,111369,,,,,,,,,,
5,A07,108333,,,,,,,,,,
5,A08,115499,,,,,,,,,,
5,A09,121539,,,,,,,,,,
5,A10,118580,,,,,,,,,,
5,A11,105904,,,,,,,,,,
5,A12,31687,,,,,,,,,,
5,B01,117317,,,,,,,,,,
5,B02,106153,,,,,,,,,,
5,B03,57549,,,,,,,,,,
5,B04,93100,,,,,,,,,,
5,B05,102571,,,,,,,,,,
5,B06,107220,,,,,,,,,,
5,B07,116787,,,,,,,,,,
5,B08,113984,,,,,,,,,,
5,B09,118869,,,,,,,,,,
5,B10,68987,,,,,,,,,,
5,B11,72876,,,,,,,,,,
5,B12,30082,,,,,,,,,,
5,C01,116188,,,,,,,,,,
5,C02,118373,,,,,,,,,,
5,C03,118279,,,,,,,,,,
5,C04,74057,,,,,,,,,,
5,C05,82138,,,,,,,,,,
5,C06,104677,,,,,,,,,,
5,C07,124717,,,,,,,,,,
5,C08,126731,,,,,,,,,,
5,C09,123059,,,,,,,,,,
5,C10,122285,,,,,,,,,,
5,C11,105269,,,,,,,,,,
5,C12,31060,,,,,,,,,,
5,D01,109437,,,,,,,,,,
5,D02,106941,,,,,,,,,,
5,D03,117589,,,,,,,,,,
5,D04,72870,,,,,,,,,,
5,D05,105381,,,,,,,,,,
5,D06,105791,,,,,,,,,,
5,D07,111660,,,,,,,,,,
5,D08,108868,,,,,,,,,,
5,D09,104436,,,,,,,,,,
5,D10,126330,,,,,,,,,,
5,D11,111313,,,,,,,,,,
5,D12,32076,,,,,,,,,,
5,E01,34024,,,,,,,,,,
5,E02,112006,,,,,,,,,,
5,E03,117757,,,,,,,,,,
5,E04,105385,,,,,,,,,,
5,E05,81863,,,,,,,,,,
5,E06,114568,,,,,,,,,,
5,E07,113104,,,,,,,,,,
5,E08,117020,,,,,,,,,,
5,E09,98163,,,,,,,,,,
5,E10,47409,,,,,,,,,,
5,E11,118904,,,,,,,,,,
5,E12,122438,,,,,,,,,,
5,F01,30671,,,,,,,,,,
5,F02,106144,,,,,,,,,,
5,F03,100772,,,,,,,,,,
5,F04,99513,,,,,,,,,,
5,F05,99436,,,,,,,,,,
5,F06,102458,,,,,,,,,,
5,F07,106200,,,,,,,,,,
5,F08,99555,,,,,,,,,,
5,F09,112014,,,,,,,,,,
5,F10,103819,,,,,,,,,,
5,F11,102753,,,,,,,,,,
5,F12,124508,,,,,,,,,,
5,G01,33841,,,,,,,,,,
5,G02,115329,,,,,,,,,,
5,G03,106341,,,,,,,,,,
5,G04,102580,,,,,,,,,,
5,G05,100945,,,,,,,,,,
5,G06,73322,,,,,,,,,,
5,G07,112017,,,,,,,,,,
5,G08,119506,,,,,,,,,,
5,G09,100587,,,,,,,,,,
5,G10,112106,,,,,,,,,,
5,G11,111348,,,,,,,,,,
5,G12,118109,,,,,,,,,,
5,H01,29338,,,,,,,,,,
5,H02,101219,,,,,,,,,,
5,H03,108506,,,,,,,,,,
5,H04,96571,,,,,,,,,,
5,H05,99950,,,,,,,,,,
5,H06,92417,,,,,,,,,,
5,H07,102703,,,,,,,,,,
5,H08,112460,,,,,,,,,,
5,H09,116312,,,,,,,,,,
5,H10,64915,,,,,,,,,,
5,H11,106381,,,,,,,,,,
5,H12,116790,,,,,,,,,,
6,A01,123981,,,,,,,,,,
6,A02,139041,,,,,,,,,,
6,A03,97071,,,,,,,,,,
6,A04,108295,,,,,,,,,,
6,A05,115640,,,,,,,,,,
6,A06,124477,,,,,,,,,,
6,A07,115711,,,,,,,,,,
6,A08,113067,,,,,,,,,,
6,A09,112181,,,,,,,,,,
6,A10,119814,,,,,,,,,,
6,A11,106708,,,,,,,,,,
6,A12,31313,,,,,,,,,,
6,B01,113934,,,,,,,,,,
6,B02,114077,,,,,,,,,,
6,B03,60994,,,,,,,,,,
6,B04,108278,,,,,,,,,,
6,B05,120303,,,,,,,,,,
6,B06,101083,,,,,,,,,,
6,B07,109615,,,,,,,,,,
6,B08,105675,,,,,,,,,,
6,B09,104874,,,,,,,,,,
6,B10,66562,,,,,,,,,,
6,B11,72125,,,,,,,,,,
6,B12,30562,,,,,,,,,,
6,C01,116788,,,,,,,,,,
6,C02,117568,,,,,,,,,,
6,C03,115269,,,,,,,,,,
6,C04,75148,,,,,,,,,,
6,C05,81810,,,,,,,,,,
6,C06,96552,,,,,,,,,,
6,C07,122486,,,,,,,,,,
6,C08,110147,,,,,,,,,,
6,C09,126986,,,,,,,,,,
6,C10,116346,,,,,,,,,,
6,C11,98386,,,,,,,,,,
6,C12,30812,,,,,,,,,,
6,D01,109552,,,,,,,,,,
6,D02,110147,,,,,,,,,,
6,D03,112924,,,,,,,,,,
6,D04,72495,,,,,,,,,,
6,D05,99905,,,,,,,,,,
6,D06,98928,,,,,,,,,,
6,D07,103085,,,,,,,,,,
6,D08,106295,,,,,,,,,,
6,D09,101790,,,,,,,,,,
6,D10,115966,,,,,,,,,,
6,D11,104099,,,,,,,,,,
6,D12,31663,,,,,,,,,,
6,E01,34378,,,,,,,,,,
6,E02,115181,,,,,,,,,,
6,E03,106923,,,,,,,,,,
6,E04,104142,,,,,,,,,,
6,E05,81956,,,,,,,,,,
6,E06,114579,,,,,,,,,,
6,E07,103992,,,,,,,,,,
6,E08,99415,,,,,,,,,,
6,E09,93420,,,,,,,,,,
6,E10,49277,,,,,,,,,,
6,E11,108718,,,,,,,,,,
6,E12,113951,,,,,,,,,,
6,F01,31643,,,,,,,,,,
6,F02,105060,,,,,,,,,,
6,F03,100460,,,,,,,,,,
6,F04,94400,,,,,,,,,,
6,F05,99022,,,,,,,,,,
6,F06,104266,,,,,,,,,,
6,F07,99585,,,,,,,,,,
6,F08,97853,,,,,,,,,,
6,F09,106345,,,,,,,,,,
6,F10,103718,,,,,,,,,,
6,F11,96863,,,,,,,,,,
6,F12,109160,,,,,,,,,,
6,G01,35571,,,,,,,,,,
6,G02,107068,,,,,,,,,,
6,G03,110584,,,,,,,,,,
6,G04,104484,,,,,,,,,,
6,G05,104112,,,,,,,,,,
6,G06,72800,,,,,,,,,,
6,G07,111754,,,,,,,,,,
6,G08,107240,,,,,,,,,,
6,G09,92550,,,,,,,,,,
6,G10,99148,,,,,,,,,,
6,G11,99680,,,,,,,,,,
6,G12,112539,,,,,,,,,,
6,H01,30262,,,,,,,,,,
6,H02,106259,,,,,,,,,,
6,H03,104383,,,,,,,,,,
6,H04,97470,,,,,,,,,,
6,H05,101076,,,,,,,,,,
6,H06,93362,,,,,,,,,,
6,H07,106512,,,,,,,,,,
6,H08,106420,,,,,,,,,,
6,H09,110700,,,,,,,,,,
6,H10,66370,,,,,,,,,,
6,H11,105514,,,,,,,,,,
6,H12,111798,,,,,,,,,,
7,A01,108106,,,,,,,,,,
7,A02,141489,,,,,,,,,,
7,A03,131192,,,,,,,,,,
7,A04,131468,,,,,,,,,,
7,A05,141342,,,,,,,,,,
7,A06,137554,,,,,,,,,,
7,A07,135660,,,,,,,,,,
7,A08,145293,,,,,,,,,,
7,A09,149665,,,,,,,,,,
7,A10,134834,,,,,,,,,,
7,A11,111936,,,,,,,,,,
7,A12,30327,,,,,,,,,,
7,B01,110774,,,,,,,,,,
7,B02,132826,,,,,,,,,,
7,B03,57358,,,,,,,,,,
7,B04,105849,,,,,,,,,,
7,B05,100048,,,,,,,,,,
7,B06,96666,,,,,,,,,,
7,B07,71676,,,,,,,,,,
7,B08,76305,,,,,,,,,,
7,B09,118228,,,,,,,,,,
7,B10,51460,,,,,,,,,,
7,B11,55461,,,,,,,,,,
7,B12,29908,,,,,,,,,,
7,C01,114811,,,,,,,,,,
7,C02,124882,,,,,,,,,,
7,C03,132538,,,,,,,,,,
7,C04,90870,,,,,,,,,,
7,C05,90096,,,,,,,,,,
7,C06,124648,,,,,,,,,,
7,C07,142846,,,,,,,,,,
7,C08,138791,,,,,,,,,,
7,C09,134188,,,,,,,,,,
7,C10,134781,,,,,,,,,,
7,C11,127077,,,,,,,,,,
7,C12,30181,,,,,,,,,,
7,D01,107692,,,,,,,,,,
7,D02,127748,,,,,,,,,,
7,D03,130338,,,,,,,,,,
7,D04,69574,,,,,,,,,,
7,D05,117873,,,,,,,,,,
7,D06,116266,,,,,,,,,,
7,D07,145292,,,,,,,,,,
7,D08,110634,,,,,,,,,,
7,D09,133061,,,,,,,,,,
7,D10,170214,,,,,,,,,,
7,D11,126970,,,,,,,,,,
7,D12,30877,,,,,,,,,,
7,E01,32590,,,,,,,,,,
7,E02,126383,,,,,,,,,,
7,E03,104856,,,,,,,,,,
7,E04,110141,,,,,,,,,,
7,E05,92989,,,,,,,,,,
7,E06,30045,,,,,,,,,,
7,E07,125057,,,,,,,,,,
7,E08,115227,,,,,,,,,,
7,E09,94679,,,,,,,,,,
7,E10,51188,,,,,,,,,,
7,E11,125146,,,,,,,,,,
7,E12,117114,,,,,,,,,,
7,F01,29120,,,,,,,,,,
7,F02,116994,,,,,,,,,,
7,F03,106796,,,,,,,,,,
7,F04,120408,,,,,,,,,,
7,F05,96934,,,,,,,,,,
7,F06,119948,,,,,,,,,,
7,F07,86472,,,,,,,,,,
7,F08,121591,,,,,,,,,,
7,F09,128482,,,,,,,,,,
7,F10,104960,,,,,,,,,,
7,F11,109098,,,,,,,,,,
7,F12,110974,,,,,,,,,,
7,G01,29454,,,,,,,,,,
7,G02,124518,,,,,,,,,,
7,G03,98544,,,,,,,,,,
7,G04,97467,,,,,,,,,,
7,G05,118957,,,,,,,,,,
7,G06,56646,,,,,,,,,,
7,G07,130006,,,,,,,,,,
7,G08,132777,,,,,,,,,,
7,G09,121999,,,,,,,,,,
7,G10,129943,,,,,,,,,,
7,G11,119486,,,,,,,,,,
7,G12,116177,,,,,,,,,,
7,H01,28177,,,,,,,,,,
7,H02,102851,,,,,,,,,,
7,H03,93926,,,,,,,,,,
7,H04,95858,,,,,,,,,,
7,H05,99841,,,,,,,,,,
7,H06,85185,,,,,,,,,,
7,H07,122842,,,,,,,,,,
7,H08,130798,,,,,,,,,,
7,H09,143167,,,,,,,,,,
7,H10,66792,,,,,,,,,,
7,H11,124794,,,,,,,,,,
7,H12,112034,,,,,,,,,,
8,A01,87249,,,,,,,,,,
8,A02,98085,,,,,,,,,,
8,A03,90093,,,,,,,,,,
8,A04,99613,,,,,,,,,,
8,A05,92619,,,,,,,,,,
8,A06,107491,,,,,,,,,,
8,A07,92750,,,,,,,,,,
8,A08,108326,,,,,,,,,,
8,A09,101635,,,,,,,,,,
8,A10,103225,,,,,,,,,,
8,A11,93348,,,,,,,,,,
8,A12,25354,,,,,,,,,,
8,B01,87175,,,,,,,,,,
8,B02,85161,,,,,,,,,,
8,B03,43315,,,,,,,,,,
8,B04,77696,,,,,,,,,,
8,B05,74397,,,,,,,,,,
8,B06,76980,,,,,,,,,,
8,B07,54153,,,,,,,,,,
8,B08,58520,,,,,,,,,,
8,B09,98398,,,,,,,,,,
8,B10,40181,,,,,,,,,,
8,B11,42450,,,,,,,,,,
8,B12,23735,,,,,,,,,,
8,C01,84798,,,,,,,,,,
8,C02,84995,,,,,,,,,,
8,C03,84662,,,,,,,,,,
8,C04,64943,,,,,,,,,,
8,C05,67749,,,,,,,,,,
8,C06,89776,,,,,,,,,,
8,C07,106665,,,,,,,,,,
8,C08,104749,,,,,,,,,,
8,C09,102092,,,,,,,,,,
8,C10,102003,,,,,,,,,,
8,C11,95122,,,,,,,,,,
8,C12,24439,,,,,,,,,,
8,D01,85915,,,,,,,,,,
8,D02,95427,,,,,,,,,,
8,D03,92174,,,,,,,,,,
8,D04,52127,,,,,,,,,,
8,D05,86356,,,,,,,,,,
8,D06,90566,,,,,,,,,,
8,D07,112816,,,,,,,,,,
8,D08,88240,,,,,,,,,,
8,D09,94065,,,,,,,,,,
8,D10,121932,,,,,,,,,,
8,D11,98371,,,,,,,,,,
8,D12,24700,,,,,,,,,,
8,E01,26678,,,,,,,,,,
8,E02,84418,,,,,,,,,,
8,E03,71058,,,,,,,,,,
8,E04,76389,,,,,,,,,,
8,E05,72905,,,,,,,,,,
8,E06,21600,,,,,,,,,,
8,E07,86017,,,,,,,,,,
8,E08,92513,,,,,,,,,,
8,E09,70337,,,,,,,,,,
8,E10,39795,,,,,,,,,,
8,E11,97870,,,,,,,,,,
8,E12,90055,,,,,,,,,,
8,F01,23415,,,,,,,,,,
8,F02,91008,,,,,,,,,,
8,F03,77488,,,,,,,,,,
8,F04,86428,,,,,,,,,,
8,F05,75138,,,,,,,,,,
8,F06,97889,,,,,,,,,,
8,F07,69218,,,,,,,,,,
8,F08,85790,,,,,,,,,,
8,F09,98545,,,,,,,,,,
8,F10,80243,,,,,,,,,,
8,F11,75840,,,,,,,,,,
8,F12,95000,,,,,,,,,,
8,G01,24178,,,,,,,,,,
8,G02,87807,,,,,,,,,,
8,G03,66263,,,,,,,,,,
8,G04,69240,,,,,,,,,,
8,G05,92350,,,,,,,,,,
8,G06,40484,,,,,,,,,,
8,G07,100028,,,,,,,,,,
8,G08,106773,,,,,,,,,,
8,G09,92876,,,,,,,,,,
8,G10,95410,,,,,,,,,,
8,G11,88443,,,,,,,,,,
8,G12,94580,,,,,,,,,,
8,H01,23995,,,,,,,,,,
8,H02,83653,,,,,,,,,,
8,H03,79557,,,,,,,,,,
8,H04,81709,,,,,,,,,,
8,H05,83542,,,,,,,,,,
8,H06,76574,,,,,,,,,,
8,H07,99160,,,,,,,,,,
8,H08,110865,,,,,,,,,,
8,H09,123502,,,,,,,,,,
8,H10,56052,,,,,,,,,,
8,H11,93559,,,,,,,,,,
8,H12,95347,,,,,,,,,,
9,A01,97131,,,,,,,,,,
9,A02,120994,,,,,,,,,,
9,A03,125611,,,,,,,,,,
9,A04,113746,,,,,,,,,,
9,A05,122280,,,,,,,,,,
9,A06,116729,,,,,,,,,,
9,A07,115376,,,,,,,,,,
9,A08,147798,,,,,,,,,,
9,A09,135732,,,,,,,,,,
9,A10,127305,,,,,,,,,,
9,A11,111299,,,,,,,,,,
9,A12,30411,,,,,,,,,,
9,B01,119537,,,,,,,,,,
9,B02,116793,,,,,,,,,,
9,B03,53263,,,,,,,,,,
9,B04,93782,,,,,,,,,,
9,B05,97600,,,,,,,,,,
9,B06,85759,,,,,,,,,,
9,B07,65476,,,,,,,,,,
9,B08,80896,,,,,,,,,,
9,B09,126904,,,,,,,,,,
9,B10,54480,,,,,,,,,,
9,B11,61012,,,,,,,,,,
9,B12,29331,,,,,,,,,,
9,C01,124353,,,,,,,,,,
9,C02,130075,,,,,,,,,,
9,C03,134807,,,,,,,,,,
9,C04,73775,,,,,,,,,,
9,C05,79220,,,,,,,,,,
9,C06,97008,,,,,,,,,,
9,C07,116154,,,,,,,,,,
9,C08,129113,,,,,,,,,,
9,C09,129959,,,,,,,,,,
9,C10,132999,,,,,,,,,,
9,C11,133025,,,,,,,,,,
9,C12,30303,,,,,,,,,,
9,D01,106256,,,,,,,,,,
9,D02,129500,,,,,,,,,,
9,D03,141774,,,,,,,,,,
9,D04,64685,,,,,,,,,,
9,D05,119407,,,,,,,,,,
9,D06,101983,,,,,,,,,,
9,D07,137040,,,,,,,,,,
9,D08,104249,,,,,,,,,,
9,D09,134390,,,,,,,,,,
9,D10,175939,,,,,,,,,,
9,D11,127167,,,,,,,,,,
9,D12,30351,,,,,,,,,,
9,E01,34912,,,,,,,,,,
9,E02,128298,,,,,,,,,,
9,E03,100337,,,,,,,,,,
9,E04,105981,,,,,,,,,,
9,E05,103376,,,,,,,,,,
9,E06,29801,,,,,,,,,,
9,E07,104153,,,,,,,,,,
9,E08,108342,,,,,,,,,,
9,E09,94605,,,,,,,,,,
9,E10,51532,,,,,,,,,,
9,E11,130412,,,,,,,,,,
9,E12,107897,,,,,,,,,,
9,F01,30304,,,,,,,,,,
9,F02,116718,,,,,,,,,,
9,F03,113593,,,,,,,,,,
9,F04,122981,,,,,,,,,,
9,F05,103140,,,,,,,,,,
9,F06,114574,,,,,,,,,,
9,F07,92364,,,,,,,,,,
9,F08,108264,,,,,,,,,,
9,F09,97193,,,,,,,,,,
9,F10,92904,,,,,,,,,,
9,F11,96696,,,,,,,,,,
9,F12,94178,,,,,,,,,,
9,G01,30167,,,,,,,,,,
9,G02,120117,,,,,,,,,,
9,G03,110641,,,,,,,,,,
9,G04,98631,,,,,,,,,,
9,G05,111787,,,,,,,,,,
9,G06,51162,,,,,,,,,,
9,G07,132150,,,,,,,,,,
9,G08,122339,,,,,,,,,,
9,G09,110732,,,,,,,,,,
9,G10,116569,,,,,,,,,,
9,G11,97910,,,,,,,,,,
9,G12,91975,,,,,,,,,,
9,H01,28987,,,,,,,,,,
9,H02,113579,,,,,,,,,,
9,H03,108611,,,,,,,,,,
9,H04,96811,,,,,,,,,,
9,H05,95570,,,,,,,,,,
9,H06,93767,,,,,,,,,,
9,H07,112428,,,,,,,,,,
9,H08,103346,,,,,,,,,,
9,H09,104743,,,,,,,,,,
9,H10,53685,,,,,,,,,,
9,H11,84231,,,,,,,,,,
9,H12,101245,,,,,,,,,,
10,A01,115107,,,,,,,,,,
10,A02,127281,,,,,,,,,,
10,A03,121311,,,,,,,,,,
10,A04,129959,,,,,,,,,,
10,A05,130914,,,,,,,,,,
10,A06,133130,,,,,,,,,,
10,A07,126582,,,,,,,,,,
10,A08,130945,,,,,,,,,,
10,A09,133565,,,,,,,,,,
10,A10,134999,,,,,,,,,,
10,A11,122553,,,,,,,,,,
10,A12,30550,,,,,,,,,,
10,B01,110437,,,,,,,,,,
10,B02,150096,,,,,,,,,,
10,B03,72814,,,,,,,,,,
10,B04,145102,,,,,,,,,,
10,B05,142863,,,,,,,,,,
10,B06,134508,,,,,,,,,,
10,B07,147080,,,,,,,,,,
10,B08,139182,,,,,,,,,,
10,B09,134090,,,,,,,,,,
10,B10,92459,,,,,,,,,,
10,B11,70667,,,,,,,,,,
10,B12,30509,,,,,,,,,,
10,C01,107806,,,,,,,,,,
10,C02,132371,,,,,,,,,,
10,C03,148104,,,,,,,,,,
10,C04,88288,,,,,,,,,,
10,C05,91684,,,,,,,,,,
10,C06,113023,,,,,,,,,,
10,C07,149060,,,,,,,,,,
10,C08,133496,,,,,,,,,,
10,C09,155275,,,,,,,,,,
10,C10,150374,,,,,,,,,,
10,C11,126121,,,,,,,,,,
10,C12,29981,,,,,,,,,,
10,D01,107030,,,,,,,,,,
10,D02,133179,,,,,,,,,,
10,D03,141059,,,,,,,,,,
10,D04,91972,,,,,,,,,,
10,D05,123775,,,,,,,,,,
10,D06,120267,,,,,,,,,,
10,D07,121719,,,,,,,,,,
10,D08,119942,,,,,,,,,,
10,D09,107002,,,,,,,,,,
10,D10,130592,,,,,,,,,,
10,D11,113296,,,,,,,,,,
10,D12,31188,,,,,,,,,,
10,E01,32789,,,,,,,,,,
10,E02,128368,,,,,,,,,,
10,E03,139434,,,,,,,,,,
10,E04,135875,,,,,,,,,,
10,E05,93722,,,,,,,,,,
10,E06,107211,,,,,,,,,,
10,E07,123831,,,,,,,,,,
10,E08,122782,,,,,,,,,,
10,E09,88305,,,,,,,,,,
10,E10,50247,,,,,,,,,,
10,E11,134054,,,,,,,,,,
10,E12,114964,,,,,,,,,,
10,F01,33639,,,,,,,,,,
10,F02,126201,,,,,,,,,,
10,F03,129458,,,,,,,,,,
10,F04,128506,,,,,,,,,,
10,F05,123184,,,,,,,,,,
10,F06,118338,,,,,,,,,,
10,F07,107502,,,,,,,,,,
10,F08,86285,,,,,,,,,,
10,F09,101070,,,,,,,,,,
10,F10,101703,,,,,,,,,,
10,F11,100864,,,,,,,,,,
10,F12,107921,,,,,,,,,,
10,G01,32367,,,,,,,,,,
10,G02,132455,,,,,,,,,,
10,G03,128050,,,,,,,,,,
10,G04,117400,,,,,,,,,,
10,G05,119451,,,,,,,,,,
10,G06,84070,,,,,,,,,,
10,G07,118476,,,,,,,,,,
10,G08,105244,,,,,,,,,,
10,G09,100854,,,,,,,,,,
10,G10,115464,,,,,,,,,,
10,G11,129953,,,,,,,,,,
10,G12,113459,,,,,,,,,,
10,H01,29570,,,,,,,,,,
10,H02,129170,,,,,,,,,,
10,H03,132251,,,,,,,,,,
10,H04,115405,,,,,,,,,,
10,H05,118946,,,,,,,,,,
10,H06,101805,,,,,,,,,,
10,H07,120322,,,,,,,,,,
10,H08,114828,,,,,,,,,,
10,H09,110157,,,,,,,,,,
10,H10,59861,,,,,,,,,,
10,H11,112531,,,,,,,,,,
10,H12,108559,,,,,,,,,,
11,A01,113831,,,,,,,,,,
11,A02,136406,,,,,,,,,,
11,A03,115932,,,,,,,,,,
11,A04,130612,,,,,,,,,,
11,A05,135585,,,,,,,,,,
11,A06,136705,,,,,,,,,,
11,A07,124429,,,,,,,,,,
11,A08,133145,,,,,,,,,,
11,A09,134493,,,,,,,,,,
11,A10,146270,,,,,,,,,,
11,A11,123247,,,,,,,,,,
11,A12,30994,,,,,,,,,,
11,B01,116380,,,,,,,,,,
11,B02,145070,,,,,,,,,,
11,B03,62296,,,,,,,,,,
11,B04,140071,,,,,,,,,,
11,B05,147734,,,,,,,,,,
11,B06,136838,,,,,,,,,,
11,B07,153318,,,,,,,,,,
11,B08,147105,,,,,,,,,,
11,B09,136138,,,,,,,,,,
11,B10,88750,,,,,,,,,,
11,B11,69848,,,,,,,,,,
11,B12,31110,,,,,,,,,,
11,C01,117768,,,,,,,,,,
11,C02,140616,,,,,,,,,,
11,C03,132858,,,,,,,,,,
11,C04,85496,,,,,,,,,,
11,C05,97480,,,,,,,,,,
11,C06,104845,,,,,,,,,,
11,C07,130401,,,,,,,,,,
11,C08,127685,,,,,,,,,,
11,C09,134841,,,,,,,,,,
11,C10,140029,,,,,,,,,,
11,C11,113673,,,,,,,,,,
11,C12,30857,,,,,,,,,,
11,D01,112859,,,,,,,,,,
11,D02,129100,,,,,,,,,,
11,D03,135486,,,,,,,,,,
11,D04,78335,,,,,,,,,,
11,D05,125080,,,,,,,,,,
11,D06,144196,,,,,,,,,,
11,D07,137432,,,,,,,,,,
11,D08,120888,,,,,,,,,,
11,D09,124099,,,,,,,,,,
11,D10,137804,,,,,,,,,,
11,D11,127654,,,,,,,,,,
11,D12,31338,,,,,,,,,,
11,E01,34609,,,,,,,,,,
11,E02,134655,,,,,,,,,,
11,E03,129800,,,,,,,,,,
11,E04,123914,,,,,,,,,,
11,E05,95343,,,,,,,,,,
11,E06,131195,,,,,,,,,,
11,E07,136636,,,,,,,,,,
11,E08,134862,,,,,,,,,,
11,E09,116248,,,,,,,,,,
11,E10,59543,,,,,,,,,,
11,E11,140547,,,,,,,,,,
11,E12,115583,,,,,,,,,,
11,F01,30527,,,,,,,,,,
11,F02,124527,,,,,,,,,,
11,F03,125219,,,,,,,,,,
11,F04,120216,,,,,,,,,,
11,F05,102599,,,,,,,,,,
11,F06,95319,,,,,,,,,,
11,F07,106647,,,,,,,,,,
11,F08,111548,,,,,,,,,,
11,F09,110547,,,,,,,,,,
11,F10,106767,,,,,,,,,,
11,F11,109173,,,,,,,,,,
11,F12,115636,,,,,,,,,,
11,G01,32700,,,,,,,,,,
11,G02,133904,,,,,,,,,,
11,G03,132927,,,,,,,,,,
11,G04,113975,,,,,,,,,,
11,G05,101514,,,,,,,,,,
11,G06,71222,,,,,,,,,,
11,G07,112994,,,,,,,,,,
11,G08,110560,,,,,,,,,,
11,G09,111880,,,,,,,,,,
11,G10,115695,,,,,,,,,,
11,G11,130525,,,,,,,,,,
11,G12,117777,,,,,,,,,,
11,H01,29973,,,,,,,,,,
11,H02,127088,,,,,,,,,,
11,H03,121161,,,,,,,,,,
11,H04,113716,,,,,,,,,,
11,H05,103649,,,,,,,,,,
11,H06,72630,,,,,,,,,,
11,H07,115327,,,,,,,,,,
11,H08,108974,,,,,,,,,,
11,H09,106807,,,,,,,,,,
11,H10,63338,,,,,,,,,,
11,H11,108397,,,,,,,,,,
11,H12,115658,,,,,,,,,,
12,A01,102480,,,,,,,,,,
12,A02,117967,,,,,,,,,,
12,A03,132357,,,,,,,,,,
12,A04,120764,,,,,,,,,,
12,A05,140875,,,,,,,,,,
12,A06,126453,,,,,,,,,,
12,A07,134329,,,,,,,,,,
12,A08,137676,,,,,,,,,,
12,A09,132664,,,,,,,,,,
12,A10,126744,,,,,,,,,,
12,A11,120558,,,,,,,,,,
12,A12,30558,,,,,,,,,,
12,B01,111521,,,,,,,,,,
12,B02,118471,,,,,,,,,,
12,B03,64541,,,,,,,,,,
12,B04,95362,,,,,,,,,,
12,B05,98511,,,,,,,,,,
12,B06,123174,,,,,,,,,,
12,B07,119604,,,,,,,,,,
12,B08,116492,,,,,,,,,,
12,B09,126398,,,,,,,,,,
12,B10,80993,,,,,,,,,,
12,B11,64955,,,,,,,,,,
12,B12,29833,,,,,,,,,,
12,C01,104849,,,,,,,,,,
12,C02,130841,,,,,,,,,,
12,C03,122876,,,,,,,,,,
12,C04,78125,,,,,,,,,,
12,C05,74518,,,,,,,,,,
12,C06,106880,,,,,,,,,,
12,C07,113412,,,,,,,,,,
12,C08,111698,,,,,,,,,,
12,C09,122391,,,,,,,,,,
12,C10,119338,,,,,,,,,,
12,C11,105214,,,,,,,,,,
12,C12,30355,,,,,,,,,,
12,D01,106425,,,,,,,,,,
12,D02,119206,,,,,,,,,,
12,D03,101839,,,,,,,,,,
12,D04,65050,,,,,,,,,,
12,D05,103303,,,,,,,,,,
12,D06,107890,,,,,,,,,,
12,D07,112755,,,,,,,,,,
12,D08,108887,,,,,,,,,,
12,D09,117926,,,,,,,,,,
12,D10,128151,,,,,,,,,,
12,D11,120176,,,,,,,,,,
12,D12,31063,,,,,,,,,,
12,E01,33273,,,,,,,,,,
12,E02,113062,,,,,,,,,,
12,E03,85283,,,,,,,,,,
12,E04,80460,,,,,,,,,,
12,E05,73680,,,,,,,,,,
12,E06,104275,,,,,,,,,,
12,E07,116468,,,,,,,,,,
12,E08,117981,,,,,,,,,,
12,E09,99030,,,,,,,,,,
12,E10,50907,,,,,,,,,,
12,E11,122514,,,,,,,,,,
12,E12,105557,,,,,,,,,,
12,F01,32574,,,,,,,,,,
12,F02,106100,,,,,,,,,,
12,F03,91790,,,,,,,,,,
12,F04,88600,,,,,,,,,,
12,F05,86733,,,,,,,,,,
12,F06,97156,,,,,,,,,,
12,F07,111607,,,,,,,,,,
12,F08,102221,,,,,,,,,,
12,F09,112565,,,,,,,,,,
12,F10,112953,,,,,,,,,,
12,F11,107502,,,,,,,,,,
12,F12,111915,,,,,,,,,,
12,G01,32184,,,,,,,,,,
12,G02,114507,,,,,,,,,,
12,G03,101999,,,,,,,,,,
12,G04,96073,,,,,,,,,,
12,G05,99694,,,,,,,,,,
12,G06,68959,,,,,,,,,,
12,G07,117235,,,,,,,,,,
12,G08,129700,,,,,,,,,,
12,G09,127046,,,,,,,,,,
12,G10,124412,,,,,,,,,,
12,G11,117053,,,,,,,,,,
12,G12,113151,,,,,,,,,,
12,H01,30205,,,,,,,,,,
12,H02,106305,,,,,,,,,,
12,H03,111822,,,,,,,,,,
12,H04,90993,,,,,,,,,,
12,H05,92516,,,,,,,,,,
12,H06,78877,,,,,,,,,,
12,H07,113232,,,,,,,,,,
12,H08,118929,,,,,,,,,,
12,H09,125853,,,,,,,,,,
12,H10,64686,,,,,,,,,,
12,H11,112009,,,,,,,,,,
12,H12,105318,,,,,,,,,,
,,,,,,,,,,,,
Plate information ,,,,,,,,,,,,
Plate,Repeat,Barcode,Measured height,Inside temperature at start,Inside temperature at end,Humidity at start,Humidity at end,Ambient temperature at start,Ambient temperature at end,Measurement date,,
1,1,,14.78,23.54,23.56,14.1,14.9,24.03,24.14,11/21/22 12:14,,
2,1,,14.78,23.54,23.56,14.3,14.6,24.22,24.24,11/21/22 12:15,,
3,1,,14.78,23.64,23.66,14.3,14.3,24.32,24.34,11/21/22 12:16,,
4,1,,14.78,23.64,23.64,14.3,14.3,24.32,24.32,11/21/22 12:17,,
5,1,,14.78,23.64,23.64,14.3,14.3,24.32,24.32,11/21/22 12:18,,
6,1,,14.78,23.64,23.66,14.4,14.3,24.22,24.24,11/21/22 12:18,,
7,1,,14.78,23.64,23.75,14.3,14.3,24.12,24.14,11/21/22 12:19,,
8,1,,16.18,23.73,23.75,14.3,14.4,24.03,24.05,11/21/22 12:20,,
9,1,,14.78,23.73,23.73,14.4,14.4,23.83,23.93,11/21/22 12:20,,
10,1,,14.78,23.73,23.75,14.4,14.4,23.93,24.05,11/21/22 12:21,,
11,1,,14.78,23.73,23.73,14.4,14.4,24.03,24.03,11/21/22 12:22,,
12,1,,14.78,23.73,23.73,14.4,14.3,24.03,24.03,11/21/22 12:22,,
,,,,,,,,,,,,
,,,,,,,,,,,,
Background information,,,,,,,,,,,,
Plate,Label,Result,Signal,Flashes/Time,Meastime,MeasInfo,,,,,,
1,Tim_CTB,0,1113,1,00:00.0,De=1st Ex=Top Em=Top Wdw=N/A (14),,,,,,
2,Tim_CTB,0,1150,1,00:00.0,De=1st Ex=Top Em=Top Wdw=N/A (14),,,,,,
3,Tim_CTB,0,1167,1,00:00.0,De=1st Ex=Top Em=Top Wdw=N/A (14),,,,,,
4,Tim_CTB,0,1056,1,00:00.0,De=1st Ex=Top Em=Top Wdw=N/A (14),,,,,,
5,Tim_CTB,0,1037,1,00:00.0,De=1st Ex=Top Em=Top Wdw=N/A (14),,,,,,
6,Tim_CTB,0,1154,1,00:00.0,De=1st Ex=Top Em=Top Wdw=N/A (14),,,,,,
7,Tim_CTB,0,1085,1,00:00.0,De=1st Ex=Top Em=Top Wdw=N/A (14),,,,,,
8,Tim_CTB,0,1044,1,00:00.0,De=1st Ex=Top Em=Top Wdw=N/A (14),,,,,,
9,Tim_CTB,0,1096,1,00:00.0,De=1st Ex=Top Em=Top Wdw=N/A (14),,,,,,
10,Tim_CTB,0,1031,1,00:00.0,De=1st Ex=Top Em=Top Wdw=N/A (14),,,,,,
11,Tim_CTB,0,1028,1,00:00.0,De=1st Ex=Top Em=Top Wdw=N/A (14),,,,,,
12,Tim_CTB,0,1140,1,00:00.0,De=1st Ex=Top Em=Top Wdw=N/A (14),,,,,,
,,,,,,,,,,,,
,,,,,,,,,,,,
Basic assay information ,,,,,,,,,,,,
Assay ID: ,,,,24218,,,,,,,,
Assay Started: ,,,,11/21/22 12:14,,,,,,,,
Assay Finished: ,,,,11/21/22 12:23,,,,,,,,
Assay Exported: ,,,,11/21/22 12:34,,,,,,,,
Protocol ID: ,,,,100568,,,,,,,,
Protocol Name: ,,,,Copy of 96well-CTB_Tim,,,,,,,,
Serial#: ,,,,1020141,,,,,,,,
,,,,,,,,,,,,
,,,,,,,,,,,,
,,,,,,,,,,,,
Protocol information,,,,,,,,,,,,
Protocol:,,,,,,,,,,,,
Protocol name,,,,Copy of 96well-CTB_Tim,,,,,,,,
Number of assay repeats,,,,1,,,,,,,,
Start assay repeat each,,,,N/A,,,,,,,,
Number of plate repeats,,,,1,,,,,,,,
Start plate repeat each,,,,N/A,,,,,,,,
Is label meas. height used,,,,Yes,,,,,,,,
Height of measurement,,,,Defined in label,,,,,,,,
Is gripper height used,,,,No,,,,,,,,
Mode of measurement,,,,By Rows  bi-directional,,,,,,,,
Rotated plate,,,,No,,,,,,,,
Soft move,,,,No,,,,,,,,
Protocol notes,,,, ,,,,,,,,
,,,,,,,,,,,,
Plate type:,,,,,,,,,,,,
Name of the plate type,,,,96 General,,,,,,,,
Number of rows,,,,8,,,,,,,,
Number of columns,,,,12,,,,,,,,
Number of the wells in the plate,,,,96,,,,,,,,
Height of the plate,,,,14.35 mm,,,,,,,,
,,,,,,,,,,,,
Coordinates of corners:,,,,,,,,,,,,
96 General + Tim_CTB,,,,,,,,,,,,
14.38 mm x------------------------------------------------------ x 113.38 mm,,,,,,,,,,,,
11.24 mm                                                           11.24 mm,,,,,,,,,,,,
,,,,,,,,,,,,
14.38 mm x------------------------------------------------------ x 113.38 mm,,,,,,,,,,,,
74.24 mm                                                           74.24 mm,,,,,,,,,,,,
,,,,,,,,,,,,
Platemap:,,,,,,,,,,,,
Plate,,,,1,,,,,,,,
Group,,,,1,,,,,,,,
,,,,,,,,,,,,
,1,2,3,4,5,6,7,8,9,10,11,12
A,- ,- ,- ,- ,- ,- ,- ,- ,- ,- ,- ,- 
B,- ,- ,- ,- ,- ,- ,- ,- ,- ,- ,- ,- 
C,- ,- ,- ,- ,- ,- ,- ,- ,- ,- ,- ,- 
D,- ,- ,- ,- ,- ,- ,- ,- ,- ,- ,- ,- 
E,- ,- ,- ,- ,- ,- ,- ,- ,- ,- ,- ,- 
F,- ,- ,- ,- ,- ,- ,- ,- ,- ,- ,- ,- 
G,- ,- ,- ,- ,- ,- ,- ,- ,- ,- ,- ,- 
H,- ,- ,- ,- ,- ,- ,- ,- ,- ,- ,- ,- 
,,,,,,,,,,,,
 - - Undefined,,,,,,,,,,,,
,,,,,,,,,,,,
Calculations:,,,,,,,,,,,,
No calculations.,,,,,,,,,,,,
,,,,,,,,,,,,
Auto export parameters:,,,,,,,,,,,,
Export format,,,,Plate2,,,,,,,,
Include basic assay information,,,,Yes,,,,,,,,
Place assay information at,,,,End of file,,,,,,,,
Include basic plate information,,,,Yes,,,,,,,,
Place plate information at,,,,Beginning of plate,,,,,,,,
Include protocol information,,,,Yes,,,,,,,,
Protocol info level,,,,Large,,,,,,,,
Include error and warning information,,,,Yes,,,,,,,,
Include background information,,,,Yes,,,,,,,,
Add plate number to the file name,,,,Yes,,,,,,,,
Each plate to separate file,,,,No,,,,,,,,
Field separator to use,,,,System,,,,,,,,
File name format,,,,<DefaultDataFolder>\<Date>\<ProtocolName>_<AssayID>.csv,,,,,,,,
,,,,,,,,,,,,
Operations:,,,,,,,,,,,,
Plate 1,,,,,,,,,,,,
  Group 1,,,,,,,,,,,,
    Measurement,,,,,,,,,,,,
      Label,,,,Tim_CTB(1),,,,,,,,
,,,,,,,,,,,,
Labels:,,,,,,,,,,,,
Tim_CTB,,,,4000137,,,,,,,,
Top mirror,,,,General,,,,,,,,
Bottom mirror,,,,N/A,,,,,,,,
Exc. filter,,,,Photometric 530,,,,,,,,
Using of excitation filter,,,,Top,,,,,,,,
2nd exc. filter,,,,N/A,,,,,,,,
Using of 2nd excitation filter,,,,Top,,,,,,,,
Ems. filter,,,,Photometric 590,,,,,,,,
2nd ems. filter,,,,N/A,,,,,,,,
Measurement height,,,,6.5 mm,,,,,,,,
Number of flashes,,,,1,,,,,,,,
Number of flashes integrated,,,,1,,,,,,,,
PMT gain,,,,1,,,,,,,,
Excitation light,,,,100%,,,,,,,,
Reference excitation light,,,,100%,,,,,,,,
Emission light,,,,100%,,,,,,,,
Reference AD gain,,,,4,,,,,,,,
Reference signal,,,,383728,,,,,,,,
Last edited,,,,2/11/19 10:20,,,,,,,,
Last edited by,,,,EnVision,,,,,,,,
Factory preset,,,,No,,,,,,,,
,,,,,,,,,,,,
Filters:,,,,,,,,,,,,
Photometric 530,,,,310,,,,,,,,
Filter type,,,,Excitation,,,,,,,,
Description,,,,P530 CWL=530nm BW=8nm Tmin=55%,,,,,,,,
Used with,,,,Absorbance DELFIA - Time-resolved Fluorescence Fluorescence Intensity Fluorescence Polarization LANCE - Time-resolved Fluorescence,,,,,,,,
Last edited,,,,8/19/14 16:24,,,,,,,,
Last edited by,,,,Installation,,,,,,,,
Factory preset,,,,Yes,,,,,,,,
,,,,,,,,,,,,
Photometric 590,,,,314,,,,,,,,
Filter type,,,,Excitation,,,,,,,,
Description,,,,P590 CWL=590nm BW=8nm Tmin=40%,,,,,,,,
Used with,,,,Absorbance DELFIA - Time-resolved Fluorescence Fluorescence Intensity Fluorescence Polarization LANCE - Time-resolved FluorescenceAbsorbance DELFIA - Time-resolved Fluorescence Fluorescence Intensity Fluorescence Polarization LANCE - Time-resolved Fluorescence,,,,,,,,
Last edited,,,,8/19/14 16:24,,,,,,,,
Last edited by,,,,Installation,,,,,,,,
Factory preset,,,,Yes,,,,,,,,
,,,,,,,,,,,,
Mirror modules:,,,,,,,,,,,,
General,,,,401,,,,,,,,
Used by,,,,Top,,,,,,,,
Dual,,,,No,,,,,,,,
Bias,,,,No,,,,,,,,
Description,,,,BS50,,,,,,,,
Used with,,,,Luminescence DELFIA - Time-resolved Fluorescence Fluorescence Intensity Fluorescence Polarization LANCE - Time-resolved Fluorescence,,,,,,,,
Last edited,,,,8/19/14 16:24,,,,,,,,
Last edited by,,,,Installation,,,,,,,,
Factory preset,,,,Yes,,,,,,,,
,,,,,,,,,,,,
Instrument:,,,,,,,,,,,,
Serial number,,,,1020141,,,,,,,,
Nickname,,,,EnVision,,,,,,,,
,,,,,,,,,,,,
,,,,,,,,,,,,
,,,,,,,,,,,,
,,,,,,,,,,,,
Assay notifications:,,,,,,,,,,,,
INFO: Assay aborted at plate 12  plate repeat 1 and well H01. There may be missing results,,,,,,,,,,,,
,,,,,,,,,,,,
Notifications for plate 8  repeat 1:,,,,,,,,,,,,
WARNING: Plate height defined in the plate editor does not match the actual plate height. Measured height is 16.18 mm. Plate editor height is 14.35 mm. The results may be affected.,,,,,,,,,,,,
,,,,,,,,,,,,
,,,,,,,,,,,,
,,,,,,,,,,,,
Exported with EnVision Workstation version 1.13.3009.1409,,,,,,,,,,,,